Allele,Residues
HLA-A01:01,FMQNMAHANTIIRDVARVRG
HLA-A01:02,SMQNMAHANTIIRDVARVRG
HLA-A01:03,FMQNMAHANTIMRDVARVRG
HLA-A01:06,FMQNMAHANTIIRDVALARG
HLA-A01:07,FMQNVAHENTIIRDVARVRG
HLA-A01:08,FMQNMAHANTIIRDVARVWG
HLA-A01:09,FMQNMAHANTIIRDVARVRG
HLA-A01:10,FMQNMAHANTIIRDARRVRG
HLA-A01:12,FMQNMAHANTIIRDAVQATG
HLA-A01:13,FMQNMAQVDTIIRDVARVRG
HLA-A01:14,FMQNMAHANTIIRDVARVTG
HLA-A01:17,FMQNMAQANTIIRDVARVRG
HLA-A01:19,FMQNMAHANTIIRDAVQATG
HLA-A01:20,SMQNMAHANTVRRDVARVRG
HLA-A01:21,FMQNMAHANTIIRDAVRVRG
HLA-A01:23,FMQNVAHANTIIRDVARVRG
HLA-A01:24,FMQNMAHANTIIRDVARVRG
HLA-A01:25,FMQNMAHANTIIRDVAQVRG
HLA-A01:26,FMQNMAHANTIIRDAARVRG
HLA-A01:28,FMQNMAHVDTIIRDVARVRG
HLA-A01:29,FMQNMAHANTIIRDVARVRG
HLA-A01:30,FMQNMAHANTIIHYVARVRG
HLA-A01:32,FMQNMAHANTIIRDVARVRG
HLA-A01:33,FMQNMAHANTIIRDVARVRG
HLA-A01:35,FMQNMAHANTIIRDVARVRG
HLA-A01:36,FMQNMAHANTIIRDVARVRG
HLA-A01:37,FMQNMAHANTIIRDVARVRG
HLA-A01:38,FMQNMAHANTIIRDVARVRG
HLA-A01:39,FMQNMAHANTIIRDVARVRG
HLA-A01:40,FMQNMAHANTIIRDVARVRG
HLA-A01:41,FMQNMAHANTIIRDVARVRG
HLA-A01:42,FMQNMAHANTIIRDVARVRG
HLA-A01:43,YMQNMAHANTIIRDVARVRG
HLA-A01:44,FMQNMAHANTIIRDVARVRG
HLA-A01:45,FMQNMAHANTIIRDVARVRG
HLA-A01:46,FMQNMAHANTIIRDVARVRG
HLA-A01:47,FMQNMAHANTIIRDVARVRG
HLA-A01:48,FMQNMAHANTIIRDVARVRG
HLA-A01:49,FMQNMAHANTIIRDVARVRG
HLA-A01:50,FMQNMAHANTIIREVARVRG
HLA-A01:51,FMRNVAHANTIIRDVARVRG
HLA-A01:54,FMQNMAHANTIIRDVARVRG
HLA-A01:55,FMQNMAHANTIIRDVARVRG
HLA-A01:58,FMQNMAHANTIIRDVARVRG
HLA-A01:59,FMQNMAHANTIIRDVARVRG
HLA-A01:60,FMPNMAHANTIIRDVARVRG
HLA-A01:61,FMQNMAHANTIIRDVARVRG
HLA-A01:62,FMQNMAHANTIIRDVARVRG
HLA-A01:63,FMQNMAHANTIIRDVARVRG
HLA-A01:64,FMQNMAHANTIIRDVARVRG
HLA-A01:65,FMQNMAHANTIIRDVARVRG
HLA-A01:66,FMQNMAHANTVRRDVARVRG
HLA-A02:01,FMGKVAHVDTVRHYAVLATW
HLA-A02:02,FMGKVAHVDTLRHYAVWATW
HLA-A02:03,FMGKVAHVDTVRHYAEWATW
HLA-A02:04,FMGKVAHVDTVMHYAVLATW
HLA-A02:05,YMGKVAHVDTLRHYAVWATW
HLA-A02:06,YMGKVAHVDTVRHYAVLATW
HLA-A02:07,FMGKVAHVDTVRHYAVLATW
HLA-A02:08,YMGNVAHVDTLRHYAVWATW
HLA-A02:09,FMGKVAHVDTVRHYAVLATW
HLA-A02:10,YMGKVAHVDTVRHYAVLATW
HLA-A02:11,FMGKVAHVDTVRHYAVLATW
HLA-A02:12,FMGKVAHVDTVRHYAVQATW
HLA-A02:13,FMGKVAHVDTVRHYAEQATW
HLA-A02:14,YMGKVAHVDTLRHYAVLATW
HLA-A02:16,FMGKVAHVDTVRHYAVLAEW
HLA-A02:17,FMGKVAHVDTLMHYAVLATW
HLA-A02:18,FMGKVAHVDTVRHYAVLATW
HLA-A02:19,FMGKVAHVDTVRHYAVQATG
HLA-A02:20,FMGNVAHVDTVRHYAVLATW
HLA-A02:21,YMGKVAHVDTVRHYAVLATW
HLA-A02:22,FMGKVAHVDTVRHYAVWATW
HLA-A02:24,FMGKVAHVDTVRHYAVLATW
HLA-A02:25,FMGKVAHVDTVRHYAVLATW
HLA-A02:26,FMGKVAHVDTVRHYAELATW
HLA-A02:27,FMGKVAHVDTVRHYAAQATW
HLA-A02:28,YMGKVAHVDTVRHYAVLATW
HLA-A02:29,FMGQVAHVDTVRHYAVLATW
HLA-A02:30,FMGKVAHVDTVRHYAVLATW
HLA-A02:31,FMGKVAHVDTVRHYAVLATW
HLA-A02:33,FMGKVAHVDTVRHYAVLATW
HLA-A02:34,FMGKVAQVDTVRHYAVLATW
HLA-A02:35,FMGKVAQVDTVRHYAVLATW
HLA-A02:36,FMGKVAHVDTVRHYAVLATG
HLA-A02:37,FMGKVAHVDTVRHYAVQATG
HLA-A02:38,FMGKVAHVDTVRHYAEQARW
HLA-A02:39,FMGKVAHVDTVRHYAVLATW
HLA-A02:40,FMGKVAHVDTVRHYAVLATW
HLA-A02:41,YMGKVAHVDTVRQYAVLATW
HLA-A02:42,FMGKVAHVDTVRHYAVLATW
HLA-A02:44,YMGKVAHVDTVRHYAVQATW
HLA-A02:45,FMQKVAHVDTVRHYAVLATW
HLA-A02:46,FMEKVAHVDTVRHYAVLATW
HLA-A02:47,FMGKVAHVDTLRHYAVWATW
HLA-A02:48,FMEKVAHVDTVRHYAVLATW
HLA-A02:49,FMGKVAHVDTVRHYAVRATW
HLA-A02:50,FMGKVAHVDTIRHYAVWATW
HLA-A02:51,YMGKVAHVDTVRHYAVLATW
HLA-A02:52,FMGKVAHVDTVREHAVLATW
HLA-A02:54,YMGKVAHVDTVRHYAVQATG
HLA-A02:55,FMRNVAHVDTVRHYAVLATW
HLA-A02:56,FMQNVAQVDTVRHYAVLATW
HLA-A02:57,YMGKVAHVDTLMHYAVLATW
HLA-A02:58,FMGKVAHVDTLRHYAVLATW
HLA-A02:59,FMGKVAHVDTVRHYAVLATW
HLA-A02:60,FMGKVAHVDTVRHFAVLATW
HLA-A02:61,YMGKVAHVDTVRHYAVLATW
HLA-A02:62,FMGNVAQVDTVRHYAVLATW
HLA-A02:63,FMGKVAHVDTLRHYAVWATW
HLA-A02:64,FMGKVAHVDTVRHSAVLATW
HLA-A02:65,FMGKVAHVDTIMQDAVLATW
HLA-A02:66,FMGKVAHVDTVRHYAVLATW
HLA-A02:67,FMGKVAHVDTVRHYAVLATW
HLA-A02:68,FMGKVAHVDTVRHYAVLATW
HLA-A02:69,FMGKVAHVDTVRHYAVLATW
HLA-A02:70,FMGKVAHVDTVRHYAVLATW
HLA-A02:71,FMGKVAHVDTVRHYAVLATW
HLA-A02:72,YMGKVAHVDTVRHYAVLATW
HLA-A02:73,FMGKVAHVDTIRHYAVLATW
HLA-A02:74,FMGKVAHVDTVRHYAVLATW
HLA-A02:75,FMGKVAHVDTVRHYAVLATW
HLA-A02:76,SMGKVAHVDTVRHYAVLATW
HLA-A02:77,FMGKVAHVDTVRHYAVLATW
HLA-A02:78,YMQNVAQVDTVRHYAVLATW
HLA-A02:79,YMGKVAHVDTVRHYAVLATW
HLA-A02:80,FMGKVAHVDTVRQDAVLATW
HLA-A02:81,FMGKVAHESIVRHYAVLATW
HLA-A02:84,YMGKVAHVDTFRHYAVLATW
HLA-A02:85,FMGKVAHVDTVRHYAVLATW
HLA-A02:86,FMGKVAHVDTVRHYAVLATW
HLA-A02:87,FMGKVAHENIVRHYAVLATW
HLA-A02:89,FMGKVAHVDTVRHYAVLATW
HLA-A02:90,FMGKVAHVDTVRHYAVLATW
HLA-A02:91,YMGKVAHVDTVRHYAVLATW
HLA-A02:92,FMEKVAHVDTVRHYAVLATW
HLA-A02:93,FMGKVAHVDTVRHYAVLATW
HLA-A02:95,FMGKVAHVDTVRHYAVLATW
HLA-A02:96,FMGKVAHVDTVRHYAVLATW
HLA-A02:97,FMGKVAHVDTVRHYAVLATW
HLA-A02:99,YMGKVAHVDTVRHYAELATW
HLA-A02:101,FMGKVAHVDTVRHYAVLARW
HLA-A02:102,FMGKVAHVDTLRHYAVWATW
HLA-A02:103,FMQNVAQVDTVRHYAVLATW
HLA-A02:104,FMGKVAHVDTVRHYAVWATW
HLA-A02:105,FMGKVAHVDTVREYAVLATW
HLA-A02:106,YMGKVAHVDTVRHYAVLATW
HLA-A02:107,FMGKVAHVDTVRHYAVLATW
HLA-A02:108,YMGKVAHVDTLMHYAVLATW
HLA-A02:109,FMGKVAHVDTVRHYAVLATW
HLA-A02:110,FMGKVAHVDTLMHYAVLATW
HLA-A02:111,FMGKVAHVDTVRHYAVLATW
HLA-A02:112,FMGKVAHENIVRHYAVLATW
HLA-A02:114,FMGKVAHVDTVRRDAVLATW
HLA-A02:115,FMGKVAHVDTLRHYAVWATW
HLA-A02:116,FMGKVAHLDTVRHYAVLATW
HLA-A02:117,FMGKVAHVDTVRQDAEWATW
HLA-A02:118,FMGKVAHVDTVRHYAVLATW
HLA-A02:119,FMGKVAHVDTVRHYAVLATW
HLA-A02:120,FMGKVAHVDTVRHYAVLATW
HLA-A02:121,FMGKVAHVDTVRHYAVLATW
HLA-A02:122,YMGKVAHVDTIRHYAVWATW
HLA-A02:123,FMGKVAHVDTVRHYAVLATW
HLA-A02:124,FMGKVAHESIVRHYAVLATW
HLA-A02:126,YMGKVAHVDTVRHYAVLATW
HLA-A02:127,YMGKVAHVDTVRHYAVLAKW
HLA-A02:128,FMGNVAHVDTVRHYAVLATW
HLA-A02:129,YMEKVAHENIVRHYAVLATW
HLA-A02:130,FMGKVAHVDTVRHYAVLATW
HLA-A02:131,FMGKVAHVDTVRHYAVLAEW
HLA-A02:132,FMGKVAHVDTVRHYAVLATW
HLA-A02:133,FMGKVAHVDTVRHYAVLATW
HLA-A02:134,FMGKVAHVDTVRHYAVLATW
HLA-A02:135,FMGKVAHVDTIRQDAEWARW
HLA-A02:136,FMGKVAHENIVRHYAVWATW
HLA-A02:137,YMGKVAHVDTVRHYAVLATW
HLA-A02:138,FMGKVAHVDTVRHYAVLATW
HLA-A02:139,FMGKVTHVDTVRHYAVLATW
HLA-A02:140,FMGKVAHVDTVRHYAVLATW
HLA-A02:141,FMGKVAHVDTVRHYAVLATW
HLA-A02:142,YMGKVAHVDTVRHYAVQATW
HLA-A02:143,YMRKVAHVDTVRHYAVLATW
HLA-A02:144,YMGKVAHVDTVRHYAVLATW
HLA-A02:145,FMGKVAHVDTVRHYAVLATW
HLA-A02:146,FMGKVAHANTVRHYAVLATW
HLA-A02:147,FMGKVAHVDTVRDYAVLATW
HLA-A02:148,FMGKVAHVDTVRHYAEWATW
HLA-A02:149,FMGKVAHVDTVRHYAVLATW
HLA-A02:150,FMGKVAHVDTVRHYAVLATW
HLA-A02:151,FMGKVAHVDTVRDYAVLATW
HLA-A02:152,FMGKVAHVDTIMQDAVLATW
HLA-A02:153,FMGKVAHVDTVRHYAVLATW
HLA-A02:154,YMGKVAHVDTLRHYAVWARW
HLA-A02:155,FMGKVAHVDTLRHYAVWATW
HLA-A02:156,FMGKVAHVDTIIHYAVLATW
HLA-A02:157,FMGKVAHVDTVRHYAVLATW
HLA-A02:158,FMGKVAHVDTVRHYAVLATW
HLA-A02:159,FMGKVAHVDTVRHYAVLATW
HLA-A02:160,FMGKVAHVDTVRHYAVLATW
HLA-A02:161,FVGKVAHVDTVRHYAVLATW
HLA-A02:162,FMGKVAHVDTVRHYAVLATW
HLA-A02:163,FMGKVAHVDTVRHYAVLATW
HLA-A02:164,FMGKVAHVDTVRHYAVLATW
HLA-A02:165,FMGKVAHVDTVRHYAVLATW
HLA-A02:166,FMGKVAHVDTVRHYAVLATW
HLA-A02:167,FMGKVAHVDTVRHYAVLAKW
HLA-A02:168,FMGKVAHVDTVRHYAVLATW
HLA-A02:169,YMQNVAHVDTVRHYAVLATW
HLA-A02:170,YMGKVAHVDTVRHYAVLATW
HLA-A02:171,FMGKVAHVDTVRHYAELATW
HLA-A02:172,YMGKVAHVDTLRHYAVWATW
HLA-A02:173,FMGKVAHVDTVRHYAVLATW
HLA-A02:174,FMGKVAHVDTVRHYAVLATW
HLA-A02:175,FMGKVAHVDTVRHYAVLATW
HLA-A02:176,FMGKVAHVDTVRHYAVLATW
HLA-A02:177,FMGKVAHVDTVRHYAVLATW
HLA-A02:178,YMGKVAHVDTVRHSAVLATW
HLA-A02:179,YMGKVAHVDTLRHYAVWATW
HLA-A02:180,YMGKVAHVDTVRHYAVLATW
HLA-A02:181,FMGKVAHVDTVRHYAVLATW
HLA-A02:182,FMGKVAHVDTVRHYAVLATW
HLA-A02:183,FMGKVAHVDTVRHYAVLATW
HLA-A02:184,FMGKVAHEDTVRHYAVLATW
HLA-A02:185,FMGKVAHVDTVRHYAVLATW
HLA-A02:186,FMGKVAHVDTLRHYAVWATW
HLA-A02:187,FMGKVAHVDTVRHYAVLATW
HLA-A02:188,FMGKVAHVDTVRDSAVLATW
HLA-A02:189,FMGKVAHVDTVRHYAVLATW
HLA-A02:190,FMGKVAHVDTVRHYAVLATW
HLA-A02:191,FMGKVAHVDTVRHYAVWATW
HLA-A02:192,FMGKVAHVDTVRHYAVLATW
HLA-A02:193,FMGKVAHVDTVRHYAVLATW
HLA-A02:194,FMGKVAHVDTVRHYAVLATW
HLA-A02:195,FMQNVAHVDTVRHYAVLATW
HLA-A02:196,FMGKVAHVDTVRHYAVLATW
HLA-A02:197,FMGKVAHVDTVRHYAVLATW
HLA-A02:198,FMGKVAHVDTVRHYAVLATW
HLA-A02:199,FMGKVAHVDTVRHYAVLATW
HLA-A02:200,FMGKVAHVDTVRHYAVLATW
HLA-A02:201,FMGKVAHVDTVRHYAVLATW
HLA-A02:202,FMGKVAHVDTVRHYAVLATW
HLA-A02:203,FMGKVAHVDTVRHYAVLATW
HLA-A02:204,FMGKVAHVDTVRHYAVLATW
HLA-A02:205,FMGKVAHVDTVRHYAVLATW
HLA-A02:206,FMGKVAHVDTVRHYAVLATW
HLA-A02:207,FMGKVAHVDTVRHYAVLATW
HLA-A02:208,FMGKVAHVDTVRHYAVLATW
HLA-A02:209,FMGKVAHVDTLRHYAVWATW
HLA-A02:210,FMGKVAHVDTVRHYAVLATW
HLA-A02:211,FMGKVAHVDTVRHYAVLATW
HLA-A02:212,FMGKVAHVDTVRHYAVLATW
HLA-A02:213,FMGKVAHVDTVRHYAVLATW
HLA-A02:214,FMGKVAHVDTVRHYAVLATW
HLA-A02:215,FMGKVAHVDTVRHYAVLATW
HLA-A02:216,FMGKVAHVDTVRHYAVLATW
HLA-A02:217,FMRKVAHVDTVRHYAVLATW
HLA-A02:218,FMGKVAHVDTVRHYAVLATW
HLA-A02:219,FMGKVAHVDTVRHYAVLATW
HLA-A02:220,FMGKVAHVDTVRHYAVLATW
HLA-A02:221,FMGKVAHVDTVRHYAVLATW
HLA-A02:224,FMGKVAHVDTVGHYAVLATW
HLA-A02:228,FMGKVAHVDTVRHYAVLATW
HLA-A02:229,YMGKVAHVDTLRRYAVWATW
HLA-A02:230,FMGKVAHVDTVRHYAEWATW
HLA-A02:231,FMGKVAHVDTVRHYAVLATW
HLA-A02:232,YMGKVAHVDTLRHYAVWATW
HLA-A02:233,FMGKVAHVDTVRHYAVLATR
HLA-A02:234,FMGKVAHVDTVRHYAVLATW
HLA-A02:235,FMGKVAHVDTVRHYAVLATW
HLA-A02:236,FMGKVAHVDTVRHYAVLATW
HLA-A02:237,FMGKVAHVDTVRHYAVLATW
HLA-A02:238,FMGKVAHVDTVRHYAVLATW
HLA-A02:239,FMGKVAHVDTVRHYAVLATW
HLA-A02:240,FMGKVAHVDTVRHYAVLATW
HLA-A02:241,FMGKVAHVDTVRHYAVLATW
HLA-A02:242,FMGKVAHVDTVRHYAVLATW
HLA-A02:243,TMGKVAHVDTVRHYAVLATW
HLA-A02:244,YMGKVAHVDTVRHYAVLATW
HLA-A02:245,FMGKVAHVDTIRHYAVLATW
HLA-A02:246,FMGKVAHVDTVRRDAVLATW
HLA-A02:247,FMGKVAHENTVRHYAVLATW
HLA-A02:248,YMGKVAHVDTVRHYAVLATW
HLA-A02:249,FMVKVAHVDTVRHYAVLATW
HLA-A02:251,FMGKVAHVDTVRHYAVLATW
HLA-A02:252,FMGKVAHVDTVRHYAVLATW
HLA-A02:253,FMGKVAHVDTVRHYAEWATW
HLA-A02:254,FMGKVAHVDTVRNFAVLATW
HLA-A02:255,FMGKVAHVDTVRHYAVLATG
HLA-A02:256,FMGKVAHVDTVRHYAVLATW
HLA-A02:257,FMGKVAHVDTVRHYAVLATW
HLA-A02:258,FMGKVAHVDTVRHYAEWATW
HLA-A02:259,YMGKVAHVDTVRHYAVLATW
HLA-A02:260,FMGKVAHVDTVRHYAVLATW
HLA-A02:261,FMGKVAHMDTVRHYAVLATW
HLA-A02:262,FMGKVAHVDTVRHYAVLVTW
HLA-A02:263,FMGKVAHVDTVRHYSVLATW
HLA-A02:264,FMGKVAHVDTVRHYAEWATW
HLA-A02:265,FMGKVAHVDTVRHYAVLATW
HLA-A02:266,FMGKVAHVDTVRHYAVLATW
HLA-A03:01,FMQNVAQVDTIIRDAELATW
HLA-A03:02,FMQNVAQVDTIIRDAVQATW
HLA-A03:04,FMQNVAQVDTIIRDAELATW
HLA-A03:05,FMQNVAQVDTIIRDAELATW
HLA-A03:06,FMQNVAQVDTIIRDAELATW
HLA-A03:07,FMQNVAQVDTIIRDAVLATW
HLA-A03:08,FMQNVAHVDTIIRDAELATW
HLA-A03:09,FMQNVAQVDTIIRDAELATW
HLA-A03:10,FMQNVAQVDTIIRDAVQATW
HLA-A03:12,YMQNVAQVDTIIRDAELATW
HLA-A03:13,FMQNVAQVDTIIRDAELATW
HLA-A03:14,FMQNVAQVDTIIRDAELATW
HLA-A03:15,FMQNVAQVDTIIRDAELATW
HLA-A03:16,FMQNVAQVDTIIRDAELATW
HLA-A03:17,FMQNVAQVDTIIRDAELATW
HLA-A03:18,FMQNVAQVDTIIRDVARVRG
HLA-A03:19,FMQNVAQVDTIIHYAELATW
HLA-A03:20,FMQNVAQVDTIIRDAELATW
HLA-A03:22,FMQNVAQVDTIIRDAELATW
HLA-A03:23,FMGKVAQVDTIIRDAELATW
HLA-A03:24,FMRNVAQVDTIIRDAELATW
HLA-A03:25,FMQNVAQVDTIIRDAELATW
HLA-A03:26,FMQNVAQVDTIIRDAELATW
HLA-A03:27,FMQNVAQVDTIIRDAELATW
HLA-A03:28,FMQNVAQVDTIIRDAELATW
HLA-A03:29,FMQNVVQVDTIIRDAELATW
HLA-A03:30,FMEKVAQVDTIIRDAELATW
HLA-A03:31,FMQNVAQVDTIIRYAVQATW
HLA-A03:32,FMQNVAHVDTIIRDAVQATW
HLA-A03:33,FMQNVAQVDTIIRDAELATW
HLA-A03:34,FMQNVAPVDTIIRDAELATW
HLA-A03:35,FMQNVAQVDTIIRDAELATW
HLA-A03:37,FMQNVAQVDTIIRDAELATW
HLA-A03:38,FMQNVAQVDTIIRDAELATW
HLA-A03:39,FMQNVAQVDTIIRDAELATW
HLA-A03:40,FMQNVAQVDTIIRDAELATW
HLA-A03:41,FMQNVAHANTIIRDAELATW
HLA-A03:42,FMQNVAQVDTIIRDAVLATW
HLA-A03:43,FMQNVAQVDTIIEHAELATW
HLA-A03:44,FMQNVAQVDTIIRDAELATW
HLA-A03:45,FMQNVAQVDTIIRDAELATW
HLA-A03:46,FMQNVAQVDTIIRDAELATW
HLA-A03:47,FMQNVAQVDTIIRDAELATW
HLA-A03:48,FMQNVAQVDTIIRDAELATW
HLA-A03:49,FMQNVAQVDTIIRDAELATW
HLA-A03:50,FMQNVAQVDTIIRDAEWATW
HLA-A03:51,FMQNVAQVDTIIRDAELATW
HLA-A03:52,FMQNVAQVDTIIRDAELATW
HLA-A03:53,FMQNVAQVDTIIRDAELATW
HLA-A03:54,FMQNVAQVDTIIRDAELATW
HLA-A03:55,FMQNVAQVDTIIRDAELATW
HLA-A03:56,FMQNVAQVDTIIRDAELATW
HLA-A03:57,FMQNVAQANTIIRDAELATW
HLA-A03:58,FMQNVAQVDTIIRDAELATW
HLA-A03:59,FMQNVAQVDTIIRDAELATW
HLA-A03:60,FMQNVAQVDTIIRDAELATW
HLA-A03:61,FMQNVAQVDTIIRDAELATW
HLA-A03:62,FMQNVAQVDTIIRDAELATW
HLA-A03:63,FMQNVAQVDTIIRDAELATW
HLA-A03:64,FMQNVAQVDTIIRDADLATW
HLA-A03:65,FMQNVAQVDTIIRDAEQATW
HLA-A03:66,FMQNVAQVDTIIRDAERATW
HLA-A03:67,FTQNVAQVDTIIRDAELATW
HLA-A03:70,FMQNVAQVDTIIRDAELATW
HLA-A03:71,FMQNVAQVDTIIRDAELATW
HLA-A03:72,SMQNVAQVDTIIRDAELATW
HLA-A03:73,FMQNVAQVDTIIRDAVQATW
HLA-A03:74,FMQNVAQVDTIIRDAELATW
HLA-A03:75,FMQNVAQVDTLMRDAELATW
HLA-A03:76,FMQNVAQVDTIIRDAVQATW
HLA-A03:77,FMQNVAQVDTIIRDAELATW
HLA-A03:78,FMQNVAQVDTIIRDAELATW
HLA-A03:79,FMQNVAQVDTIIRDAELATW
HLA-A03:80,FMQNVAQVDTIIRDAELATW
HLA-A03:81,FMQNVAQVDTIIRDAELATW
HLA-A03:82,FMQNVAQVDTIIEHAVQATW
HLA-A11:01,YMQNVAQVDTIIRDAAQARW
HLA-A11:02,YMQNVAQVDTIIRDAAQARW
HLA-A11:03,YMQNVAQVDTIIRDAEQARW
HLA-A11:04,YMQNVAQVDTIIRDAAQATW
HLA-A11:05,YMQNVAQVDTIIRDAAQARW
HLA-A11:06,YMQNVAQVDTIIRDAAQARW
HLA-A11:07,YMQNVAQVDTIIRDAAQARW
HLA-A11:08,YMQNVAQVDTIIRDAERARW
HLA-A11:09,YMQNVAQVDTIIRDAAQARW
HLA-A11:10,YMRNVAQVDTIIRDAAQARW
HLA-A11:11,YMLNVAQVDTIIRDAAQARW
HLA-A11:12,YMQNVAQVDTIIRDAAQARW
HLA-A11:13,YMQNVAQVDTIIRDAAQARW
HLA-A11:14,YMQNVAQVDTIIRDARQARW
HLA-A11:15,YMQNVAQVDTIIRDAAQARW
HLA-A11:16,YMQNVAQVDTIIRDAAQARW
HLA-A11:17,YMQNMAHANTIIRDAAQARW
HLA-A11:18,YMQNVAHVDTIIRDAAQARW
HLA-A11:19,YMQNVAHVDTIIRDAAQARW
HLA-A11:20,YMQNVAQVDTIIRDAEQARW
HLA-A11:22,YMQNVAQVDTIIPDAAQARW
HLA-A11:23,YMQNVAQVDTIIRDAAQARW
HLA-A11:24,YMQNVAQVDTIIRDAALARW
HLA-A11:25,YMQNVAQVDTIIRDAELARW
HLA-A11:26,YMQNVAQVDTIMRDAAQARW
HLA-A11:27,YMQNVAQVDTIIRDAAQATG
HLA-A11:29,YMQNVAQVDTIIRDAAQARW
HLA-A11:30,YMQNVAQVDTIIRDAAQARW
HLA-A11:31,YMQNVAQVDTIIRDAVLARW
HLA-A11:32,YMQNVAQVDTIIRDAAQARW
HLA-A11:33,YMQNVAQVDTIIRDAAQARW
HLA-A11:34,YMQNVAQVDTIIRDAAQARW
HLA-A11:35,YMQNVAQVDTIIRDAVLATW
HLA-A11:36,YMQNVAQVDTIIRDAAQARW
HLA-A11:37,YMQNVAQVDTIIRDAAQARW
HLA-A11:38,YMQNVAQVDTIIRDAAQARG
HLA-A11:39,YMQNVAQVDTIIRDAAQARG
HLA-A11:40,YMQNVAHANTIIRDAAQARW
HLA-A11:41,YMQNVAQVDTIIRDAAQARW
HLA-A11:42,YMQNVAQVDTIIRDAAQARW
HLA-A11:43,TMQNVAQVDTIIRDAAQARW
HLA-A11:44,YMQNVAQVDTIIRDAARARW
HLA-A11:45,YMQNVAQADTIIRDAAQARW
HLA-A11:46,YMQNVAQVDTIIRDAAQARW
HLA-A11:47,HMQNVAQVDTIIRDAAQARW
HLA-A11:48,YMQNVAQVDTIIRDAAQARW
HLA-A11:49,YMQNVAQVDTIIRDAAQARW
HLA-A11:51,YMQNVAQVDTIIRDAAQARW
HLA-A11:53,YMQNVAQVDTIIRDAAQARW
HLA-A11:54,YMQNVAQVDTIIRDAAQARW
HLA-A11:55,YMQNVAQVDTIIRDAAQARW
HLA-A11:56,YMQNVAQVDTIIRDAAQARW
HLA-A11:57,YMQNVAQVDTIIRDAAQARW
HLA-A11:58,YMQNVAQVDTIIRDAAQARW
HLA-A11:59,YMQNVAQVDTIIGDAAQARW
HLA-A11:60,YMQNVAQVDTIIRDAVQARW
HLA-A11:61,YMQNAAQVDTIIRDAAQARW
HLA-A11:62,YMQNVAQVDTIIRDAAQARW
HLA-A11:63,YMQNVAQVDTIIRDAAQARW
HLA-A11:64,YMQNVAQVDTIIRDAAQARW
HLA-A23:01,SMEKVAHENILMHYAVLATG
HLA-A23:02,SMEKVAHENILMHYAVWATG
HLA-A23:03,SMEKVAHENILMHYAVLATG
HLA-A23:04,SMEKVAHENILMHYAVLATW
HLA-A23:05,SMEKVAHENILMHYAVLATG
HLA-A23:06,SMEKVAHENILMHYAVLATG
HLA-A23:09,SMQNMAHENILMHYAVLATG
HLA-A23:10,SMEKVAHENILMHYAVLARG
HLA-A23:12,SMEKVAHENILMHYAVLATG
HLA-A23:13,SMEKVAQENILMHYAVLATG
HLA-A23:14,SMEKVAHENILMHYAVLATG
HLA-A23:15,SMEKVAHENILMHYAVLATG
HLA-A23:16,SMEKVAHENILMHYAVLATG
HLA-A23:17,SMEKVAHENILMHYAVLATG
HLA-A23:18,SMEKVAHENILMHYAVLATG
HLA-A23:20,SMEKVAHENILMHYAVLATG
HLA-A23:21,SMEKVAHENILMHYAVLATG
HLA-A23:22,SMEKVAHENILMHYAVLATG
HLA-A23:23,SMEKVAHENILMHYAVLATG
HLA-A23:24,SMEKVAHENILMHYAVLATG
HLA-A23:25,SMEKVAHENILMHYAVLATG
HLA-A23:26,SMEKVAHENILMHYAVLATG
HLA-A24:02,SMEKVAHENILMHYAVQATG
HLA-A24:03,SMEKVAHENILMHYAVQATW
HLA-A24:04,SMEKVAHANTLMHYAVQATG
HLA-A24:05,SMEKVAHENILMHYAVQATG
HLA-A24:06,SMEKVAHENILMHYAVWATG
HLA-A24:07,SMEKVAQENILMHYAVQATG
HLA-A24:08,SMGKVAHENILMHYAVQATG
HLA-A24:10,SMEKVAHENILMHYAVQARW
HLA-A24:13,SMEKVAHENILMHYAVLATG
HLA-A24:14,SMEKVAHENIVRHYAVQATG
HLA-A24:15,SMEKVAHENILMHYAVQATG
HLA-A24:17,SMEKVAHENILMRDAVQATG
HLA-A24:18,SMEKVAHENILMHYAELATW
HLA-A24:19,SMEKVAQVDTLMHYAVQATG
HLA-A24:20,SMEKVAHENILMHYAVQATG
HLA-A24:21,SMEKVAHENILMHYAVQATG
HLA-A24:22,SMEKVAHENILMHYAVWVTW
HLA-A24:23,SMEKVAHENILMHYAVQATW
HLA-A24:24,SMRNVAQENILMHYAVLATG
HLA-A24:25,SMEKVAHENILMHYAVQATG
HLA-A24:26,SMEKVAHENILMHYAVQATG
HLA-A24:27,SMEKVAHENILMHYAVQATG
HLA-A24:28,SMEKVAHVDTLMHYAVQATG
HLA-A24:29,SMEKVAHENILMHYAVQATG
HLA-A24:30,SMEKVAHENILMHYAVQATG
HLA-A24:31,SMEKVAHENILMHYAVQATG
HLA-A24:32,SMEKVAHESILMHYAVQATG
HLA-A24:33,SMEKVAHENILMHYAVQATW
HLA-A24:34,SMEKVAHENILMHYAVQATG
HLA-A24:35,SMEKVAHENILMHYAVQATG
HLA-A24:37,SMEKVAHENILMHYAVQATG
HLA-A24:38,SMEKVAHENILMHYAVQATG
HLA-A24:39,SMEKVAHENILMHYAVQATG
HLA-A24:41,SMEKVAHENILMRDAVQATG
HLA-A24:42,SMGKVAHENILMHYAVQATG
HLA-A24:43,SMEKVAHENILMHYAVQATG
HLA-A24:44,SMEKVAHVDTLMHYAVQATG
HLA-A24:46,SMEKVAHENILMHYAVQARG
HLA-A24:47,SMEKVAHENILMHYAVQATG
HLA-A24:49,SMEKVAHENILMHYAVQATG
HLA-A24:50,YMEKVAHENILMHYAVQATG
HLA-A24:51,SMEKVAHENILIHYAVQATG
HLA-A24:52,SMEKVAHENILRHYAVQATG
HLA-A24:53,SMEKVAHENILMHYAVQATG
HLA-A24:54,SMEKVAHENILMHYAVQPTG
HLA-A24:55,SMEKVAHENILMHYAVQAEG
HLA-A24:56,SMEKVAHENILMHYAEQATG
HLA-A24:57,SMEKVAHENIIMHYAVQATG
HLA-A24:58,SMEKVAHENILMHYAVQATG
HLA-A24:59,SMEKVAHENILMHYAAQATG
HLA-A24:61,SMEKVAHEKILMHYAVQATG
HLA-A24:62,SMEKVAHENILMQDAVQATG
HLA-A24:63,SMEKVAHENILMHYAVQATG
HLA-A24:64,SMEKVAHENILWHYAVQATG
HLA-A24:66,SMEKVAHENILMEHAVQATG
HLA-A24:67,SMRNVAHENILMHYAVQATG
HLA-A24:68,SMEKVAHENILMHYAVQATG
HLA-A24:69,SMEKVAHENILMHYAVQATG
HLA-A24:70,SMEKVAHENILMHYAVQATG
HLA-A24:71,SMEKVAHENILMHYAVQATG
HLA-A24:72,SMEKVAHENILMHYAVQATG
HLA-A24:73,SMEKVAHENILMDYAVQATG
HLA-A24:74,SMEKVAHENILMHYAVQATG
HLA-A24:75,SMEKVAHENILMHYAVQATG
HLA-A24:76,SMEKVAHENILMHYAVQATG
HLA-A24:77,SMQKVAHENILMHYAVQATG
HLA-A24:78,SMEKVAHENILMHYAVQATG
HLA-A24:79,SMEKVAHENILMHYAVQATG
HLA-A24:80,SMEKVAHENILMHYAVQATG
HLA-A24:81,SMEKVAHENILMHYAVQATG
HLA-A24:82,TMEKVAHENILMHYAVQATG
HLA-A24:85,SMEKVAHENILMHYAVQATG
HLA-A24:87,SMEKVAHENILMHYAVRATG
HLA-A24:88,FMEKVAHENILMHYAVQATG
HLA-A24:89,SMGKVAHVDTLMHYAVQATG
HLA-A24:91,SMEKVAHENILMHYAVQATG
HLA-A24:92,SMEKVAHENIIIHYAVQATG
HLA-A24:93,SMEKVAHENIVMHYAVQATG
HLA-A24:94,SMEKVAHENILMHYAVLATW
HLA-A24:95,SMEKVAHENILMHYAVQATG
HLA-A24:96,SMEKVAHENILMNFAVQATG
HLA-A24:97,SMEKVAHENILMHYAVQATG
HLA-A24:98,SMEKVAHENILMHYAVQATG
HLA-A24:99,SMEKVAHENILMHYAVQATG
HLA-A24:100,SMEKVAHENILMHYAVQATG
HLA-A24:101,SMEKVAHENILMHYAVQATG
HLA-A24:102,SMEKVAHENILMHYAVQATG
HLA-A24:103,SMEKVAHENILMHYAVQATG
HLA-A24:104,FMEKVAHENILMHYAVQATG
HLA-A24:105,SMEKVAHENILMHYAVQATG
HLA-A24:106,SMEKVAHENILMDDAVQATG
HLA-A24:107,SMEKVAHENILMHYAVHATG
HLA-A24:108,SMEKVAQENILMHYAVQATG
HLA-A24:109,SMEKVAHANTLMHYAVQATG
HLA-A24:110,SMEKVAHENILMHYAVQATG
HLA-A24:111,SMEKVAHENILMHYAVQATG
HLA-A24:112,SMEKVAQENILMHYAVQATG
HLA-A24:113,SMEKVAHENILMHYAVQATG
HLA-A24:114,SMEKVAHENILMHYAVQATG
HLA-A24:115,SMEKVAHENILMHYAVQATG
HLA-A24:116,SMEKVAHENILMHYAVQATG
HLA-A24:117,SMEKVAHENILMHYAVQATG
HLA-A24:118,SMEKVAHENILMHYAVQATG
HLA-A24:119,SMEKVAHENILMHYAVQATG
HLA-A24:120,SMEKVAHENIIMHYAVQATG
HLA-A24:121,SMEKVAHENILMHSAVQATG
HLA-A24:122,SMEKVAHENILMHYAVQATG
HLA-A24:123,SMEKVAHENILMHYAVQATG
HLA-A24:124,SMEKVAHENILMHYAVQATG
HLA-A24:125,SMEKVAHENILMHYAVQATW
HLA-A24:126,SMEKVAHENILMHYAVQATG
HLA-A24:127,SMEKVAHENILMHYAVQATG
HLA-A24:128,SMEKVAHENILMHYAVQATG
HLA-A24:129,SMQNMAHANTLMHYAVQATG
HLA-A24:130,SMEKVAHENILMHYAVQATG
HLA-A24:131,SMEKVAQENILMHYAVQATG
HLA-A24:133,SMEKVAHENILMHYAVQATG
HLA-A24:134,SMEKVAHENILMHYAVQATG
HLA-A24:135,SMEKVAHENILMHYAVQATG
HLA-A24:136,SMEKVAHENILMHYVVQATG
HLA-A24:137,SMEKVAHENILMHYAVQATG
HLA-A24:138,SMEKVAHENILMHYAVWATW
HLA-A24:139,SMEKVAHENILMHYAVQATG
HLA-A24:140,SMEKVAHENILMHYAVQATG
HLA-A24:141,SMEKVAHENILMHYAVQATG
HLA-A24:142,SMEKVAHENILMHYAVQATG
HLA-A24:143,SMEKVAHENILMHYAVQALG
HLA-A24:144,SMEKVAHENILMHYAVQATG
HLA-A25:01,YMRNVAHESIIRQDAEWARW
HLA-A25:02,YMRNVAQESIIRQDAEWARW
HLA-A25:03,FMRNVAHESIIRQDAEWARW
HLA-A25:04,YMRNVAHESIIRQDAEQARW
HLA-A25:05,YMRNVAHESIIRQDAEWARW
HLA-A25:06,YMRNVAHESIIRQDAEWATW
HLA-A25:07,YMRNVAHESIIRQDAEWARW
HLA-A25:08,YMRNVAHESIIRQDAEWARW
HLA-A25:09,YMRNVAHESIIRQDAEWARW
HLA-A25:10,YMRNVAHESIIRQDAEWARW
HLA-A25:11,YMRNVAHESIIRQDAEWARW
HLA-A25:13,YMRNVAHESIIRQDAEWARW
HLA-A26:01,YMRNVAHANTIRQDAEWARW
HLA-A26:02,YMRNVAHANTIRQNAEWARW
HLA-A26:03,YMRNVAHVDTIRQDAEWARW
HLA-A26:04,YMRNVAHANTIRQDAEWALW
HLA-A26:05,YMRNVAHENTIRQDAEWARW
HLA-A26:06,YMRNVAHVDTIRQDAEWARW
HLA-A26:07,YMGKVAHANTIRQDAEWARW
HLA-A26:08,YMRNVAHANTIRQDAEQARW
HLA-A26:09,YMRNVAHANTIRQDAEWATW
HLA-A26:10,YMRNVAHANTIRQDAEWARW
HLA-A26:12,YMRNVAHANTIRQDAVWARW
HLA-A26:13,YMRNVAQANTIRQDAEWARW
HLA-A26:14,YMRNVAHANTIRQDAEWARW
HLA-A26:15,YMRNVAHANTIRQDAEWARW
HLA-A26:16,SMRNVAHANTIRQDAEWARW
HLA-A26:17,YMRNVAHANTIRQDAEWARW
HLA-A26:18,YMRNVAHANTIRQDAVWARW
HLA-A26:19,YMQNVAQANTIRQDAEWARW
HLA-A26:20,FMRNVAHANTIRQDAEWARW
HLA-A26:21,YMRNVAHVDTIRQDAEWARW
HLA-A26:22,YMRNVAHANTVRQDAEWARW
HLA-A26:23,YMRNVAHANTIRQDAEWARW
HLA-A26:24,YMRNVAHANTIRQDAEWARW
HLA-A26:26,YMRNVAHANTIRQDAEWARW
HLA-A26:27,YMRNVAHANTIRQDAEWARW
HLA-A26:28,YMRNVAHANTIRQDAEWARW
HLA-A26:29,YMRNVAHANTIRQDAEWARG
HLA-A26:30,YMRNVAHVDTIRQDAEWARW
HLA-A26:31,YMPNVAHANTIRQDAEWARW
HLA-A26:32,YMRNVAHANTMVQDAEWARW
HLA-A26:33,YMRNVAQANTIRQDAEWARW
HLA-A26:34,YMRNVAHANTIRQDAEWAWW
HLA-A26:35,YMRNVAHANTIRQDAEWARW
HLA-A26:36,YMRNVAHANTIRQDAEWARW
HLA-A26:37,YMRNVAHANTIRQDAEWARW
HLA-A26:38,YMRNVAHANTIRQDAEWARW
HLA-A26:39,YMRNVAHANTIRQDAEWARW
HLA-A26:40,YMRNVAHANTIRQDAEWARW
HLA-A26:41,YMRNVAHANTIRQDAEWARW
HLA-A26:42,YIRNVAHANTIRQDAEWARW
HLA-A26:43,YMRNVAHANTIRQDAELARW
HLA-A26:45,YMRNVAHANTIRQDAEWARW
HLA-A26:46,YMRNVAHANTIRQDAEWARW
HLA-A26:47,YMRNVAHANTIRQDAEWARW
HLA-A26:48,YMRKVAHANTIRQDAEQARW
HLA-A26:49,YMRNVAHANTIRQDAEWARG
HLA-A26:50,YMRNVAHANTIRQDAEWARW
HLA-A29:01,TMLNVAQANTIMRDAVLATW
HLA-A29:02,TMLNVAQANTIMRDAVLATW
HLA-A29:03,TMLNVAQANTIMRDAVLATG
HLA-A29:04,TMLHVAQANTIMRDAVLATW
HLA-A29:05,TMLNVAQANTIMRDAEQATW
HLA-A29:06,TMLNVAQANTIMRDAVLATW
HLA-A29:07,TMLNVAQANTLMRDAVLATW
HLA-A29:09,TMLNVAQANTIMRDAVLATW
HLA-A29:10,TMLNVAQANTIMRDAVLATW
HLA-A29:11,TMLNVAQANTIMRDAVLATW
HLA-A29:12,TMLNVAQANTIMRDAVLATW
HLA-A29:13,TMLNVAQESIIMRDAVLATW
HLA-A29:14,TMQNVAQANTIMRDAVLATW
HLA-A29:15,TMLNVAQANTIMRDAVLATW
HLA-A29:16,TMLNVAQANTIMRDAVLATW
HLA-A29:17,TMLNVAQANTIMRDAVLATW
HLA-A29:18,TMQNVAQANTIMRDAVLATW
HLA-A29:19,TMLNVAHVDTIMRDAVLATW
HLA-A29:20,TMLNVAHANTIMRDAVLATW
HLA-A29:21,TMLNVAQANTIMRDAVLATW
HLA-A29:22,TMLNVAQANTVRRDAVLATW
HLA-A30:01,SMQNVAQVDTIIEHAWLATW
HLA-A30:02,SMQNVAHENTIIEHARLATW
HLA-A30:03,SMQNVAHENTIIEHARLATW
HLA-A30:04,SMQNVAHENTIIEHAVWATW
HLA-A30:06,SMQNVAHENTIIEHAVWATW
HLA-A30:07,SMEKVAHENTIIEHARLATW
HLA-A30:08,YMQNVAQVDTIIEHAWLATW
HLA-A30:09,SMQNVAHENTIIEHAVLATW
HLA-A30:10,SMQNVAHENTIIEHARLATW
HLA-A30:11,SMQNVAQVDTIIEHAWLATW
HLA-A30:12,SMQNVAHENTIIEHARLATW
HLA-A30:13,SMQNVAHVDTIIEHARLATW
HLA-A30:15,SMQNVAQVDTIIEHAWLATW
HLA-A30:16,SMQNVAQVDTIIEHAWLATW
HLA-A30:17,SMQNVAQVDTIIEHAVWATW
HLA-A30:18,SMQNVAQVDTIIEHAWLATW
HLA-A30:19,SMQNVAQVDTIIEHAWLATW
HLA-A30:20,SMQNVAQVDTIIEHAWLATW
HLA-A30:22,SMGKVAHENTIIEHARLATW
HLA-A30:23,SMQNVAQVDTIIEHAWLATW
HLA-A30:24,SMQNVAQVDTIIEHAWLATW
HLA-A30:25,SMQNVAQENTIIEHARLATW
HLA-A30:26,SMQNVAQVDTIIRDAWLATW
HLA-A30:28,SMQNVAHENTIVEHARLATW
HLA-A30:29,SMQNVAHENTIIEHAVWATS
HLA-A30:30,SMQNVAQVDTIIEHAWLATW
HLA-A30:31,SMQNVARVDTIIEHAWLATW
HLA-A30:32,SMQNVAHENTIIEHARLATW
HLA-A30:33,SMQNVAHENTIIEHARLATW
HLA-A30:34,SMQNVAHENTIIEHARLATW
HLA-A30:35,SMQNVAQVDTIIEHAWLATW
HLA-A30:36,SMQNVAQVDTIIEHAWLATW
HLA-A30:37,SMQNVAQVDTIIEHAWLATW
HLA-A30:38,SMQNVAQVDTIIEHAWLATW
HLA-A30:39,SMQNVAQVDTIIEHAWLATW
HLA-A30:40,SMQNVAQVDTIIEHAWLATW
HLA-A30:41,SMQNVAQVDTIIEHAWLATW
HLA-A31:01,TMQNVAHVDTIMQDAVLATW
HLA-A31:02,TMQKVAHVDTIMQDAVLATW
HLA-A31:03,TMQNVAHVDTIIRDAVLATW
HLA-A31:04,TMQNVAHVDTIIRDAVLATW
HLA-A31:05,TMQNVAHVDTIMQDAVLATG
HLA-A31:06,TMQNVAHVDTIMRDAVLATW
HLA-A31:07,TMQKVAHENIIMQDAVLATW
HLA-A31:08,TMEKVAHENIIMQDAVLATW
HLA-A31:09,TMQNVGHVDTIMQDAVLATW
HLA-A31:10,TMQNVAHENIIMQDAVLATW
HLA-A31:11,TMQNVAHVDTIMQDAVLATW
HLA-A31:12,TMQNVAHVDTIKQDAVLATW
HLA-A31:13,TMQNVAHVDTIMQDAVLATW
HLA-A31:15,TMQNVARVDTIMQDAVLATW
HLA-A31:16,TMQNVAHVDTIMQDAVLATW
HLA-A31:17,TMQNVAHVDTIMQDAVLATW
HLA-A31:18,TMQNVAHVDTIMQDAVLATR
HLA-A31:19,TMQNVAHVDTIMQDAVLATW
HLA-A31:20,TMQNVAHVDTIMQDAVLATW
HLA-A31:21,FMQNVAHVDTIMQDAVLATW
HLA-A31:22,TMQNVAHVDTIMQDAVLATW
HLA-A31:23,TMQNVAHVDTIMQDAVLATW
HLA-A31:24,TMQNVAHVDTIMQDAAQARW
HLA-A31:25,TMQNVAHVDTIMQDAVLARW
HLA-A31:26,TMQNVAHVDTIMQDAVLATW
HLA-A31:27,TMQNVAHVDTIMQDAVLATW
HLA-A31:28,TMQNVTHVDTIMQDAVLATW
HLA-A31:29,TMQNVAHVDTLMQDAVLATW
HLA-A31:30,TMQNVAHVDTIMQDAVWATW
HLA-A31:31,TMQNVAHVDTIMQDAVLATW
HLA-A31:32,TMQNVAHVDTIMQDAVLATW
HLA-A31:33,TMQNVAHGDTIMQDAVLATW
HLA-A31:34,TMQNVAHVDTIMQDAVLATW
HLA-A31:35,TMQNVAHVDTIMQDAVLATW
HLA-A31:36,TMQNVAHVDTIMQDAVLATW
HLA-A31:37,TMQNVAHVDTIMQDAVLATW
HLA-A32:01,FMQNVAHESIIMQDAVLATW
HLA-A32:02,FMQNVAHESIIMQDAVQATW
HLA-A32:03,FMQNVAHENIIMQDAVLATW
HLA-A32:04,FMQNVAHESIIIRDAELATW
HLA-A32:05,FMQKVAHESIIMQDAVLATW
HLA-A32:06,FMQNVAHESIIMQDAVLATW
HLA-A32:07,SMQNVAHESIIMQDAVLATW
HLA-A32:08,FMQNVAHESIIMQDAVLATW
HLA-A32:09,FMQNVAHESIIMQDAVLATR
HLA-A32:10,FMQNVAHESIIMQDAEWATW
HLA-A32:12,FMQNVAHESIIMQDAVLATW
HLA-A32:13,FMQNVAHESIIMQDAVLATG
HLA-A32:14,FMQNVAHESIIMQDAVLATW
HLA-A32:15,FMRNVAHESIIMQDAVLATW
HLA-A32:16,FMQNVAHESIIMQDAVLATW
HLA-A32:17,FMQNVAQESIIMQDAVLATW
HLA-A32:18,FMQNVAHESIIMQDAVLATW
HLA-A32:20,FMQNVAHESIIMQDAVLATW
HLA-A32:21,FMQNVAHESIIMQDAVLATW
HLA-A32:22,FMQNVAHESIIMQDAVQATW
HLA-A32:23,FMQNVAHESIIMQDAVLATW
HLA-A32:24,FMQNMAHESIIMQDAVLATW
HLA-A32:25,FMHNVAHESIIMQDAVLATW
HLA-A33:01,TMRNVAHVDTIMQDAVLATW
HLA-A33:03,TMRNVAHVDTIMQDAVLATW
HLA-A33:04,TMRNVAHVDTIMQDAVLATW
HLA-A33:05,TMRNVAHVDTIMQDAVLATW
HLA-A33:06,TMRNVAHVDTIMQDAVLATW
HLA-A33:07,TMRNVAHVDTIMQDAVLATW
HLA-A33:08,TMGKVAHVDTIMQDAVLATW
HLA-A33:09,TMGNVAHVDTIMQDAVLATW
HLA-A33:10,TMRNVAHVDTIMQDAVLATG
HLA-A33:11,TMRNVAHVDTIMQDAVLATW
HLA-A33:12,TMRNVAHVDTIMQDAVLATW
HLA-A33:13,TMRNVAHANTIMQDAVLATW
HLA-A33:14,TMRNVAHVDTIMQDAVLATW
HLA-A33:15,TMRNVAHVDTIMQDAVLATW
HLA-A33:16,TMRNVAHVDTIMQDAVLATW
HLA-A33:17,TMRNVAHADTIMQDAVLATW
HLA-A33:18,TMRNVAHVDTIMRDAVLATW
HLA-A33:19,TMRNVAHVDTLMHYAVQATG
HLA-A33:20,TMRNVAHVDTIMQDAVLATW
HLA-A33:21,TMENVAHVDTIMQDAVLATW
HLA-A33:22,TMRNVAHVDTVRQDAVLATW
HLA-A33:23,TMRNVAHVDTIMQDAVLATW
HLA-A33:24,TMRNVAHVDTIMQDAVLATW
HLA-A33:25,TMRNVAHVDTIMQDAVLATW
HLA-A33:26,TMRNVAHVDTIMQDAVLATW
HLA-A33:27,TMRNVAHVDTIMQDAVLATW
HLA-A33:28,TMRNVAHVDTIMQDAELATW
HLA-A33:29,TMRNVAHVDTIMQDAVLATW
HLA-A33:30,TMRNVAHVDTIMQDAVLATW
HLA-A33:31,TMRNVAHVDTIMQDAVLATW
HLA-A34:01,YMRKVAQVDTIRQDAEWATW
HLA-A34:02,YMRNVAQVDTIIRDAELATW
HLA-A34:03,YMRNVAQVDTIIRDAELATW
HLA-A34:04,YMRNVAQVDTIIRDAELATW
HLA-A34:05,YMRKVAQVDTIRQDAEWATW
HLA-A34:06,YMRNVAQVDTIRQDAVLATW
HLA-A34:07,YMRNVSQVDTIIRDAELATW
HLA-A34:08,FMRNVAQVDTIIRDAELATW
HLA-A36:01,FMQNMAHANTIIRDVARVTW
HLA-A36:02,FMQNMAHANTIIRDVARATW
HLA-A36:03,FMQNMAHANTLMRDVARVTW
HLA-A36:04,FMQNMAHANTIIRDVARVRW
HLA-A36:05,FMQNMAHANTIIRDVARVTW
HLA-A43:01,YMLNVAHANTIRQDAEWARW
HLA-A66:01,YMRNVAQVDTIRQDAEWARW
HLA-A66:02,YMRNVAQVDTIRQDAEWAEW
HLA-A66:03,YMRNVAHVDTIRQDAEWAEW
HLA-A66:04,YMRNVAQVDTIRQDAEWARW
HLA-A66:05,YMRNVAHVDTIRQDAEWARW
HLA-A66:06,YMRNVAQVDTIRQDAVLARW
HLA-A66:07,YMRNVAQVDTIRQDAEWARW
HLA-A66:08,YMRNVAQVDTIRQDAEWARW
HLA-A66:09,YMRNVAQVDTVRQDAEWARW
HLA-A66:10,YMRNVAQVDTIRQDAEWARG
HLA-A66:11,YMRNVAQADTIRQDAEWARW
HLA-A66:12,YMRNVAQVDTIRQDAEWARW
HLA-A66:13,YMRNVAQVDTIRQDAEWARW
HLA-A66:14,YMRNVAQVDTIRQDAEWARW
HLA-A66:15,YMRNVAHVDTIRQDAEWARW
HLA-A68:01,YMRNVAQVDTIMRDAVWATW
HLA-A68:02,YMRNVAQVDTIRHYAVWATW
HLA-A68:03,YMRNVAHVDTIMRDAVWATW
HLA-A68:04,YMRNVAHVDTIMRDAVWATW
HLA-A68:05,YMRNVAHVDTIMRDAVWATW
HLA-A68:06,YMRNVAQVDTIMEHAVWATW
HLA-A68:07,YMRNVAQVDTIMRHAVWATW
HLA-A68:08,YMRNVAQVDTIMRDAVLATW
HLA-A68:09,YMRNVAQVDTIMRDAVQATW
HLA-A68:10,YMENVAQVDTIMRDAVWATW
HLA-A68:12,YMRNVAQVDTIMRDAVWATW
HLA-A68:13,YMRNVAQVDTIMRDAVWATW
HLA-A68:14,YMENVAQVDTIMRDAVWATW
HLA-A68:15,YMRNVAHVDTIRHYAVWATW
HLA-A68:16,YMRNVAQVDTIMRDAVWATW
HLA-A68:17,YMRNVAQVDTIMRVAVWATW
HLA-A68:19,YMRNVAQVDTIMRDAVWATW
HLA-A68:20,YMRNVAHVDTIMRDAVWATW
HLA-A68:21,YMRNVAQVDTIMRDAVWATW
HLA-A68:22,YMRNVAQVDTIMRDAVWATW
HLA-A68:23,YMRNVAQVDTIRRDAVWATW
HLA-A68:24,YMRNVAQVDTIMRDAVWATW
HLA-A68:25,YMRNVAQVDTIMRDAVWATW
HLA-A68:26,YMRNVAQVDTIMRDAVQATG
HLA-A68:27,YMRNVAQVDTIRHYAVWATW
HLA-A68:28,YMRNVAQVDTIRHYAVRATW
HLA-A68:29,TMRNVAQVDTIMRDAVWATW
HLA-A68:30,YMGNVAQVDTIMRDAVWATW
HLA-A68:31,YMRNVAHVDTIRHYAVWATW
HLA-A68:32,YMRNVAQVDTIMRDAVWATW
HLA-A68:33,YMRNVAQVDTIMRDAVWATW
HLA-A68:34,YMRNVAQVDTIRHYAVWAMW
HLA-A68:35,YMRNVAQVDTIMRDAVWATW
HLA-A68:36,YMRNVAQENIIMRDAVWATW
HLA-A68:37,YMRNVAQVDTIMRDAVWATW
HLA-A68:38,YMRNVAQVDTIMRDAVWATW
HLA-A68:39,YMRNVAQVDTIMRDAVWATW
HLA-A68:40,YMRNVGQVDTIRHYAVWATW
HLA-A68:41,YMRNVAQVDTIMRDVVWATW
HLA-A68:42,YMRNVAQVDTIMRDAEWATW
HLA-A68:43,YMRNVAQVDTIMRDAVWATW
HLA-A68:44,YMRNVAQVDTIRHYAVWATW
HLA-A68:45,SMRNVAQVDTIMRDAVWATW
HLA-A68:46,YMRNVAQVNTIMRDAVWATW
HLA-A68:47,YMRNVAQVDTIMRDAVWATW
HLA-A68:48,YMRNVAQVDTIRHYAVWATW
HLA-A68:50,YMRNVAQVDTIMRDAVWATW
HLA-A68:51,YMRNVAQVDTIRHYAVWATW
HLA-A68:52,YMRNVAQVDTIMRDAVWATW
HLA-A68:53,YMRNVAQVDTIRHYAVWATW
HLA-A68:54,YMRNVAQVDTIRHYAEWATW
HLA-A69:01,YMRNVAQVDTVRHYAVLATW
HLA-A74:01,FMQNVAHVDTIMQDAVLATW
HLA-A74:02,FMQNVAHVDTIMQDAVLATW
HLA-A74:03,FMQNVAHVDTIMQDAVLATW
HLA-A74:04,FMGKVAHVDTIMQDAVLATW
HLA-A74:05,FMQNVAHVDTIMQDAVLATW
HLA-A74:06,FMQNVAHVDTIMQDAVLATW
HLA-A74:07,FMQNVAHVDTIMQDAVLATW
HLA-A74:08,FMQNVAHVDTIMQDAVLATW
HLA-A74:09,FMQNVAHVDTIMQDAVLATW
HLA-A74:10,FMQNVAHANTIMQDAVLATW
HLA-A74:11,FMQNVAHVDTIMQDAVLATW
HLA-A74:13,FMQNVAQVDTIMQDAVLATW
HLA-A80:01,FMENVAHANTIIRDARLAEG
HLA-A80:02,FMENVAHVDTIIRDARLAEG
HLA-B07:02,YERIYAQESNLSDYAERAEW
HLA-B07:03,YERIYTNESNLSDYAERAEW
HLA-B07:04,YERIYAQESNLSDYAEDAEW
HLA-B07:05,YERIYAQESNLSNYAERAEW
HLA-B07:06,YERIYAQESNLSNYAERAEW
HLA-B07:07,YERIYAQESNLRDYAERAEW
HLA-B07:08,YERIFTNESNLSDYAERAEW
HLA-B07:09,YERIYAQESNLSDSAERAEW
HLA-B07:10,YERICAQESNLSDYAERAEW
HLA-B07:11,YERIYAQENNLSDSAERAEW
HLA-B07:12,YERIYAQESNIRDYAERAEW
HLA-B07:13,YGRKYRQVSNLSDYAERAEW
HLA-B07:14,YERIYAQESNIRDYAERAEW
HLA-B07:15,YERIYAQVSNLSDYAERAEW
HLA-B07:16,YERIYTNESNLSDYAERAEW
HLA-B07:17,YERIYAQESNLSDSAERAEW
HLA-B07:18,YERIYAQESNIRDYAERAEW
HLA-B07:19,YERIYAQESNLSDYAEDATW
HLA-B07:20,YERIYAQESNLSDYAERALS
HLA-B07:21,YERIYAQESNLSDYAERAEW
HLA-B07:22,YERIYAQESNLSDYAERAEW
HLA-B07:23,YERIYAQESNLSDYAERAEW
HLA-B07:24,YERIYAQESNLSDYAERALW
HLA-B07:25,YERIYAQESNLSDYAVDAEW
HLA-B07:26,YERIYAQESNLSDYAELAEW
HLA-B07:27,YERISTNEDTLSDYAERAEW
HLA-B07:28,YERIYAQESNLSDDAERAEW
HLA-B07:29,DERIYAQESNLSDYAERAEW
HLA-B07:30,YERIYAQESNLSDYAERAEW
HLA-B07:31,YERIYAQESNLSDYAERATW
HLA-B07:32,YERIFTNESNLSNYAERAEW
HLA-B07:33,YERIYAQESNLSDYAERAEW
HLA-B07:34,YERIYAQESNLSNYAELATW
HLA-B07:35,YERIYAQESNLSDYAERAEW
HLA-B07:36,YERIYAQENILSDYAERAEW
HLA-B07:37,YERIYANESNLSDYAERAEW
HLA-B07:38,YERIFTNENILSDYAERAEW
HLA-B07:39,YERIYAQESNLSDYAERAEW
HLA-B07:40,YERIYAQESNLSNYAERAEW
HLA-B07:41,YERIYAQESNLSDYAERAEW
HLA-B07:42,YERIYAQESNLSDYAERAEW
HLA-B07:43,YERIYAQESNLSDYAELATW
HLA-B07:44,YERIYAQESNLSDYAERAEW
HLA-B07:45,YERIYAQESNLSDYAERTEW
HLA-B07:46,YERIYAQESNLSDYAERAEW
HLA-B07:47,YERIYAQESNLSDYAERAEW
HLA-B07:48,YERIYAQESNLSDYAVLAEW
HLA-B07:50,YERISTNESNLSDYAERAEW
HLA-B07:51,YERIYAQESNLSDYAARAEW
HLA-B07:52,YERIYAQESNLSDYAERVEW
HLA-B07:53,YERIYAQESNLSNYAERAEW
HLA-B07:54,YERIYAQESNLSDYAERAEW
HLA-B07:55,YERIYAQESNLSDYAEWAEW
HLA-B07:56,YERIYAQESNLSDYAERAEW
HLA-B07:57,YERIYAQENNLSDYAERAEW
HLA-B07:58,YERIYAQESNLSDYAERAEW
HLA-B07:59,YERIYAQESNLSDYAERAEW
HLA-B07:60,YERIYAQESNLSDYAERALW
HLA-B07:61,YERIYAQESNLSDYAERAEW
HLA-B07:62,YERIYAQESNLSDYAERAEW
HLA-B07:63,YDRIYAQESNLSDYAERAEW
HLA-B07:64,YERIYAQESNLSDYAERAEG
HLA-B07:65,YTRIYAQESNLSDYAERAEW
HLA-B07:66,YERIYAQESNLSDYAEQAEW
HLA-B07:68,YERIYAQESNLSDYAERAEW
HLA-B07:69,YERICTNESNLSNYAERAEW
HLA-B07:70,CERIYAQESNLSDYAERAEW
HLA-B07:71,YERIYAQESNLSDYAERAEW
HLA-B07:72,YERIYAQESNLSDYAERAEW
HLA-B07:73,YERIYAQESNLSDYAERAEW
HLA-B07:74,YERIYAQESNLSDYAERAEW
HLA-B07:75,YERIYAQENNLSDYAERAEW
HLA-B07:76,YERIYAQESNLSDYAERAEW
HLA-B07:77,YERIYAQESNLRDYAERAEW
HLA-B07:78,YERIYAQESNWTNLAERAEW
HLA-B07:79,YERIYAQESNLSDYAERAEW
HLA-B07:80,YERIYAQESNLSNYAELAEW
HLA-B07:81,YERIYAQESILSDYAERAEW
HLA-B07:82,YERIYAQESNLSDYAERAEW
HLA-B07:83,YERIFAQESNLSDYAERAEW
HLA-B07:84,YERIYAQESNWTDYAERAEW
HLA-B07:85,YERICTNESNLSDYAERAEW
HLA-B07:86,YERIYAQESNLSDYAERAEW
HLA-B07:87,YERIYAQESNLSDYAERAEW
HLA-B07:88,YERIYAQESNLSDYAERAEW
HLA-B07:89,YERIYAQESNLSDYAERAEW
HLA-B07:90,YERIYAQESNLSNYAERAEW
HLA-B07:91,YERIYAQESNLSDYAERAEW
HLA-B07:92,YERIYAQVSNLSDYAERAEW
HLA-B07:93,YERIYAQESNLSDYAERAEW
HLA-B07:94,YEWIYAQESNLSDYAERAEW
HLA-B07:95,YERIYAQESNFSDYAERAEW
HLA-B07:96,YERIYAQESNLSDYAERAEW
HLA-B07:97,YERIYAQESNLSNYAERAEW
HLA-B07:98,YERIYAQESNLSDYAERAEW
HLA-B07:99,YERIYAQESNLSDYAERAEW
HLA-B07:100,YERIYAQESNLSDYAEWALW
HLA-B07:101,YERIYAQESNLSDYAERAEW
HLA-B07:102,YERIYAQESNLSDYAERAEW
HLA-B07:103,YERIYAQESNLSDYAERAEW
HLA-B07:104,YERIYAQESNLSDYAERAEW
HLA-B07:105,YERIYAQESNLSNYAERAEW
HLA-B07:106,YERIYAQESNLSDYAERAEW
HLA-B07:107,YERIYAQESNLSDYAERAEW
HLA-B07:108,YERIYAQESNLSDYAERAEW
HLA-B07:109,YERIYAQESNLSDYAERAEW
HLA-B07:110,YERIYAQESNLSDYAERAEW
HLA-B07:112,YERIYAQESNLSNYAERAEW
HLA-B07:113,YERIYAQESNLSDYAERAEW
HLA-B07:114,YERIYAQESNLSDYAERAEW
HLA-B07:115,YERIYAQESNLSNFAERAEW
HLA-B08:01,DERIFTNESNLSNYAVDATW
HLA-B08:02,DERIFTNENTLSNYAVDATW
HLA-B08:03,DERIFTNENILSNYAVDATW
HLA-B08:04,DERISTNESNLSNYAVDATW
HLA-B08:05,DERTFTNESNLSNYAVDATW
HLA-B08:07,DERIFTNESNLSDYAVDATW
HLA-B08:09,DERIFTNESNWTNYAVDATW
HLA-B08:10,DERIFTNESNLSNYAVDATW
HLA-B08:11,DERIFTNESNLSNYAVDAAW
HLA-B08:12,DERIFTNESNLRNYAVDATW
HLA-B08:13,DERIFTNESNLSNYAVLATW
HLA-B08:14,DERIFTNESNLSHDAVDATW
HLA-B08:15,DERIFTNVSNLSNYAVDATW
HLA-B08:16,DERIFTNESNLRNYAVDATW
HLA-B08:17,DERISTNENNLSNYAVDATW
HLA-B08:18,DERIFTNESNLSNYAVDATW
HLA-B08:20,DERIFTNESNLSNYAERATW
HLA-B08:21,DERIFTNESNLSNYAVDALW
HLA-B08:22,DERIFTNESNLSNYAVDATW
HLA-B08:23,DERIFTNESNLSNYAVDATW
HLA-B08:24,DERIFTNESNLSNYAVDATW
HLA-B08:25,DERIFTNESNLSNYAVLALW
HLA-B08:26,YERIFTNESNLSNYAVDATW
HLA-B08:27,DERIFTNESNLSNYAVDATW
HLA-B08:28,DERIFTNESNLSDSAVDATW
HLA-B08:29,DERIFTNESNLSNYAVDATW
HLA-B08:31,DERIFTNESNLSNYAVDATW
HLA-B08:32,DTRIFTNESNLSNYAVDATW
HLA-B08:33,DERIFTNESNLSNYAVDATW
HLA-B08:34,DERIFTNESNLSNYAVDATW
HLA-B08:35,DERIFTNESNLSNSAVDATW
HLA-B08:36,DERIFTNESNLSNYAVDATW
HLA-B08:37,DERIFTNESNLSDSAVDATW
HLA-B08:38,DERIFTNESNLSNYAVDATW
HLA-B08:39,DERIFTNESNLSNYAVDATW
HLA-B08:40,DERIFTNESNLSNYAVRAEW
HLA-B08:41,DERIFTNESNLSNYAVDATW
HLA-B08:42,DERIFTNESNLSNYAVDATW
HLA-B08:43,DERIFTNESNLSNYAVDATW
HLA-B08:44,DERIFTNESNLSNYAVDATW
HLA-B08:45,DERIFTNESNLSNYAVDATW
HLA-B08:46,DERIFTNESNLSNYAVDATW
HLA-B08:47,DERIFTNENNLSNYAVDATW
HLA-B08:48,DERIFTNESNLSNYAVDATW
HLA-B08:49,DERIFTNESNIRNFAVDATW
HLA-B08:50,YERIFTNESNLSNYAVDATW
HLA-B08:51,DERIFTNESNLSNYAVDATW
HLA-B08:52,DERIFTNESILSNYAVDATW
HLA-B08:53,DERIFTNESNLSNYAEDATW
HLA-B08:54,DERISTNESNLSNYAVDATW
HLA-B08:55,DERIFTNESNLSNYAVLTTW
HLA-B08:56,DERIFTNESNLSNYAVDATW
HLA-B08:57,DERIFTNESNLSNYAVDATW
HLA-B08:58,DERIFTNESNLSNYAVDATW
HLA-B08:59,DERIFTNESNLSNYAVDATW
HLA-B08:60,DERIFTNESNISNYAVDATW
HLA-B08:61,DERIFTNESNLSNYAVDATW
HLA-B08:62,HERIFTNESNLSNYAVDATW
HLA-B13:01,YMRISTNENTIRNLAVLAEW
HLA-B13:02,YMRISTNENTWTNLAVLAEW
HLA-B13:03,YMRISTNENTWTNLAVLALW
HLA-B13:04,YMRISTNENTWTDSAVLALW
HLA-B13:06,YMRISTNENTIRNLAVLATW
HLA-B13:09,YMRISTNESNWTNLAVLAEW
HLA-B13:10,YMRISTNENTLRDSAVLAEW
HLA-B13:11,YMRISTNENTLRNLAVLAEW
HLA-B13:12,YMRISTNENTIRNLAVLAGW
HLA-B13:13,YMRISTNENTIRNYAVLAEW
HLA-B13:14,YMRISTNENTWTNLAVLAEW
HLA-B13:15,YMRISTNENTWTNLAVLAEW
HLA-B13:16,YMRISTNENTWTNLAELAEW
HLA-B13:17,YMRISTNENTIRNLAVLAEW
HLA-B13:18,YMRISTNENTWTNLAVRAEW
HLA-B13:19,YMRVSTNENTWTNLAVLAEW
HLA-B13:20,YMRISTNENTIRNLAELAEW
HLA-B13:21,YMRISTNENTIRNYAVLAEW
HLA-B13:22,YMRISTNENTIRNLAVLAEW
HLA-B13:23,HMRISTNENTIRNLAVLAEW
HLA-B13:25,YMRISTNESTIRNLAVLAEW
HLA-B13:26,YMRISTNENTIRDSAVLAEW
HLA-B13:27,YMRISTNENTWTNLAVLAEW
HLA-B13:28,YMRISTNENTIRNLAVLAEW
HLA-B13:29,YMRISTNENTIRNLAVLAEW
HLA-B13:30,YMRISTNENTWTNLAVLAEW
HLA-B13:31,YMRISTNENTWTNLAEWAEW
HLA-B13:32,YMRISTNENTWTNLAVLAEW
HLA-B13:33,YMRISTNENTWTNLAVLAEW
HLA-B13:34,YMRISTNENTWTNLAVLAEW
HLA-B13:35,YMRISTNENTWTDYAVLAEW
HLA-B13:36,YMRISTNENTIRNLAVLAEW
HLA-B13:37,YMRISTNENTWTNLAVLAEW
HLA-B13:38,YMRISTNENTWTNLAVLAEW
HLA-B13:39,YMRISTNENNIRNLAVLAEW
HLA-B14:01,YERICTNESNLWNFAELATW
HLA-B14:02,YERICTNESNLWNFAELATW
HLA-B14:03,YERICTNESNLWNFAERATW
HLA-B14:04,YERNCTNESNLWNFAELATW
HLA-B14:05,YERICTNESNLSNFAELATW
HLA-B14:06,YERICTNESNLRNFAELATW
HLA-B14:08,YERICTNESNLRNFAELATW
HLA-B14:09,YERICTNESNLWNFAELATW
HLA-B14:10,YERICTNESNIRNFAELATW
HLA-B14:11,YERICTNESNLWNFAELATW
HLA-B14:12,YERICTNESNLWNFAELATW
HLA-B14:13,YERICTNESNLSNYAELATW
HLA-B14:14,YERICTNESNLWNFAELATW
HLA-B14:15,YERICTNESNLWNFAELATW
HLA-B14:16,YERICTNESNLWNFAELATW
HLA-B14:17,YERICTNESNLWNFAELATW
HLA-B14:18,YERICTNESNLWNFAELATW
HLA-B15:01,YMRISTNESNLRDSAEWALW
HLA-B15:02,YMRISTNESNIRDSAELALW
HLA-B15:03,YERISTNESNLRDSAELALW
HLA-B15:04,YMRISTNESNWTDSAEWALW
HLA-B15:05,YMRISTNESNLRDSAVLALW
HLA-B15:06,YMRISTNESNLRDSAELALW
HLA-B15:07,YMRISTNESNLSDSAEWALW
HLA-B15:08,YMRIFTNESNLRDSAEWALW
HLA-B15:09,YERICTNESNLRNYAELALW
HLA-B15:10,YERICTNESNLRDYAELALW
HLA-B15:11,YMRIYTNESNLRDSAEWALW
HLA-B15:12,YMRISTNESNLRDSAEWALG
HLA-B15:13,YMRISTNENIIRDSAELALW
HLA-B15:14,YMRISTNESNLRDSAEWALS
HLA-B15:15,YMRISTNESNLRDSAEWALW
HLA-B15:16,YMRNMASENIWRDSAELALW
HLA-B15:17,YMRNMASENILRHDAELALW
HLA-B15:18,YERICTNESNLRDSAELALW
HLA-B15:19,YMRISTNESNLRDSAEWALG
HLA-B15:20,YMRISTNESNIRDSAVLALW
HLA-B15:21,YMRICTNESNIRDSAELALW
HLA-B15:23,YERICTNENILRDSAELALW
HLA-B15:24,YMRISTNENILRDSAEWALW
HLA-B15:25,YMRISTNESNIRDSAELALW
HLA-B15:27,YMRISTNESNLRDSAEWALW
HLA-B15:28,YMRISTNESNLRDSAEWALW
HLA-B15:29,YERIFTNESNLRDSAELALW
HLA-B15:30,YMRISTNESNLRNYAEWALW
HLA-B15:31,YMRISTNESNLRDSAVLALW
HLA-B15:32,YMRISTNESNLRDSAEWALW
HLA-B15:33,YMRISTNESNLRDSAEWALW
HLA-B15:34,YMRISTNESNLRDSAEWALW
HLA-B15:35,YMRISTNESNLTDSAEWALW
HLA-B15:36,YMRISTNENTIRDSAELALW
HLA-B15:37,YERICTNESNLRDYAELALW
HLA-B15:38,YMRISTNESNLRDSAEWALW
HLA-B15:39,YMRISTNESNLRDSAELALW
HLA-B15:40,YMRISTNESNLRDSAELAEW
HLA-B15:42,YMRISTNESNWTNLAELATW
HLA-B15:43,YMRISTNEDTLRDSAEWALW
HLA-B15:44,YMRICTNESNIRDSAELATW
HLA-B15:45,YMRISTNESNLSDYAEWALW
HLA-B15:46,YKRISTNESNLRDSAEWALW
HLA-B15:47,YERISTNESNLRDSAERAEW
HLA-B15:48,YMRISTNESNLRNYAVLTLW
HLA-B15:49,YERISTNESNLRDSAERAEW
HLA-B15:50,YMRISTNESNLRDSAEWATW
HLA-B15:51,YERICTNESNLRDSAVDALW
HLA-B15:52,YERICTNESNLRDSAVLAEW
HLA-B15:53,YKRISTNESNLRDSAEWALW
HLA-B15:54,YERISTNESNLRDSAEWALW
HLA-B15:55,YMRISTNESNLSDSAVLALW
HLA-B15:56,YMRIFTNESNLRDSAEWALW
HLA-B15:57,YMRISTNVNNLRDSAEWALW
HLA-B15:58,YMRISTNESNLRNFAEWALW
HLA-B15:60,YMRISTNESNLRDSAEWALW
HLA-B15:61,YERISTNESNLRDSAELALW
HLA-B15:62,YERISTNESNIRDSAELALW
HLA-B15:63,YMRISTNESNLRDYAEWALW
HLA-B15:64,YERISTNESNLRDSAELALW
HLA-B15:65,YMRISTNESNLRDSAERALW
HLA-B15:66,YMRICTNESNLRDSAEWALW
HLA-B15:67,YMRNMASENIWRDSAELALW
HLA-B15:68,YERISTNESNLSDSAEWALW
HLA-B15:69,YERISTNESNLRDSAELTTW
HLA-B15:70,YMRISTNESNLRDSAEWALW
HLA-B15:71,HMRISTNESNLRDSAEWALW
HLA-B15:72,YERICTNESNLRDSAELALW
HLA-B15:73,YMRISTNESNLRNLAEWALW
HLA-B15:74,YERISINESNLRDSAELALW
HLA-B15:75,YMRISTNESNLRDSAQWALW
HLA-B15:76,YMRIYAQESNLRDSAEWALW
HLA-B15:77,YMRISTNESNIRDDAEWALW
HLA-B15:78,YMRISTNESNLRDSAEWALW
HLA-B15:80,YERICTNESNIRDSAELALW
HLA-B15:81,YMRISTNESNLRDSAEWALW
HLA-B15:82,YMRISTNESNLRDSAEWALW
HLA-B15:83,YMRISTNESNWTNYAVDATW
HLA-B15:84,YMRISTNESNLRDSAVRALW
HLA-B15:85,YMRISTNESNIRDSAEWALW
HLA-B15:86,YMRISTNESNLRNLAVLATW
HLA-B15:87,YMRISTNESILRDSAEWALW
HLA-B15:88,YMRISTNESNIRDSATLALW
HLA-B15:89,YMRISTNENTIRDSAELALW
HLA-B15:90,YERICTNESNLRDYAELVLW
HLA-B15:91,YERISTNESNLRDSAVLALS
HLA-B15:92,YMRISTNESNLRDSAEWALW
HLA-B15:93,YERICTNESNLRDSAELATW
HLA-B15:95,YMQNMASENIWRDSAELALW
HLA-B15:96,YMRISTNESNLRDSAEWALW
HLA-B15:97,YMRISTNESNLRDSAEWALW
HLA-B15:98,YERISTNESNLRDSAELALW
HLA-B15:99,YERICTNESNLRDYAERALW
HLA-B15:101,YMRIYAQESNLRDSAEWALW
HLA-B15:102,YMRISTNESNLRDSAEWALW
HLA-B15:103,YERISTNESNLRDSAELALW
HLA-B15:104,YMRISTNESNLRDSAEWALW
HLA-B15:105,YMRISTNESNLRDSAEWALW
HLA-B15:106,YKRISTNESNIRDSAELALW
HLA-B15:107,YMRISTNESNLRDSAVLALW
HLA-B15:108,YERICTNESNLRDSAELTLW
HLA-B15:109,YMRISTNESNLRDSAEWALW
HLA-B15:110,YMRISTNESNLRDSAEWALW
HLA-B15:112,YMRISTNESNIRDSAELALW
HLA-B15:113,YMRISTNESNLRDSAEWALW
HLA-B15:114,YERICTNESNLRDSAVLAEW
HLA-B15:115,YERICTNESTLRDSAELALW
HLA-B15:116,YMRISTNESNLRDSAEWALW
HLA-B15:117,YMRISTNESNLRDSAEWAEW
HLA-B15:118,YMRISTNESNLMDSAEWALW
HLA-B15:119,YERICTNESNLRDSAELALW
HLA-B15:120,YMRISTNESNLRDSAEWALW
HLA-B15:121,YMRISTNESNIRDSAELATW
HLA-B15:122,YMRISTNESNLRDSAEWALW
HLA-B15:123,YERISTNESNLRDSAVLALW
HLA-B15:124,YERICTNESNLRDSAVLAEW
HLA-B15:125,YMRISTNESNLRDSAEWALW
HLA-B15:126,YMRISTNESNLSDSAEWALW
HLA-B15:127,YERISTNESNLRDSAELALW
HLA-B15:128,YMRISTNESNLRDSAEWALW
HLA-B15:129,YMRISTNESNLNDSAEWALW
HLA-B15:131,YERISTNESNLRDSAELALS
HLA-B15:132,YERISTNESNLRDSAELALW
HLA-B15:133,YERICTNESNLRDFAELALW
HLA-B15:134,YERICTNESNLRDSAELALW
HLA-B15:135,YMRISTNENNLRDSAEWALW
HLA-B15:136,YMRISTNESNLRDSAVLTLW
HLA-B15:137,YMRISTNESNWTNFAEWALW
HLA-B15:138,YMRISTNESNLRDSAELAEW
HLA-B15:139,YMRISANESNIRDSAELALW
HLA-B15:140,YMRISTNESNLRDSAEWALW
HLA-B15:141,YMRISTNESNLTDSAEWALW
HLA-B15:142,DMRISTNESNLRDSAEWALW
HLA-B15:143,YKRIYTNESNLRDSAEWALW
HLA-B15:144,YMRISTNESNIRDSAEWALW
HLA-B15:145,YMRISTNESNLRDSAEWALW
HLA-B15:146,YMRISTNESNLRDSAEWALW
HLA-B15:147,YMRISTNESNLRDSAEWALW
HLA-B15:148,YMRIYTNESNLRDSAEWALW
HLA-B15:150,YMRISTNESNLRNYAEWALW
HLA-B15:151,YERISTNESNLRDSAVLALW
HLA-B15:152,YMRIYTNESNLRDSAEWALW
HLA-B15:153,YERICTNESNLRDSAELALW
HLA-B15:154,YMRISTNESNIRDSAEWALW
HLA-B15:155,YMRISTNESNWTDSAVLALW
HLA-B15:156,YERISTNESNLRDSAELALW
HLA-B15:157,YMRISTNENILRDSAEWALW
HLA-B15:158,YERISTNESNLRDSAELALW
HLA-B15:159,YMRISTNESNLRDSAEWALW
HLA-B15:160,YMRISTNESNLRDSAEWALW
HLA-B15:161,YERICTNESNLRDSAELALS
HLA-B15:162,YMRNMASENILRHDAALALW
HLA-B15:163,YMRISTNESNLRDSAEWALW
HLA-B15:164,YMRISTNESNLRDSAEWALW
HLA-B15:165,YMRISTNESNIRDSAEWALW
HLA-B15:166,YMRISTNESNLRDSAEWALW
HLA-B15:167,YMRISTNESNLRDSAEWALW
HLA-B15:168,YMRNMASENILRHDAELALW
HLA-B15:169,YMRISTNESNLRDSAEWALW
HLA-B15:170,YMRISTNESNIRDSAELALW
HLA-B15:171,YMRISTNESNLRDSAEWALW
HLA-B15:172,YMRISTNESNLRDSAEWALW
HLA-B15:173,YERISTNESNLRDSAELALW
HLA-B15:174,YMRISTNESNLRDSAEWALW
HLA-B15:175,HMRISTNESNLRDSAEWALW
HLA-B15:176,YERICTNESNLRDSAELALW
HLA-B15:177,YMRNMASENILRHDAELALW
HLA-B15:178,YMRISTNESNLRDSAEWALW
HLA-B15:179,YMRISTNESNLRDSAVDALW
HLA-B15:180,DERIFTNESNLRDSAEWALW
HLA-B15:183,YMRISTNESNLRDSAEWALW
HLA-B15:184,YMRISTNESNLRDSAEWALW
HLA-B15:185,YMRISTNESNLRDSAVLALW
HLA-B15:186,YERICTNESNLRDSAVLTTW
HLA-B15:187,YMRISTNESNLRDSAEWALW
HLA-B15:188,YMRISTNESNLRNYAVLATW
HLA-B15:189,YMRICTNESNLRDSAEWALW
HLA-B15:191,YMRIFTNESNLRDSAEWALW
HLA-B15:192,YMRISTNESNLRDSAEWALW
HLA-B15:193,YMRISTNESNLRDSAEWALW
HLA-B15:194,YMRISTNESNIRDSAELALW
HLA-B15:195,YMRISTNESNLRDSAELALW
HLA-B15:196,YMRNMASENILRHDAELALW
HLA-B15:197,YERICTNESNLSDSAELALW
HLA-B15:198,YERICTNESNLRDSAELALW
HLA-B15:199,YMRISTNESNLRDSAEDATW
HLA-B15:200,YERICTNESNLRDSATLALW
HLA-B15:201,YMRISTNESNLRDSAEWALW
HLA-B15:202,YTRISTNESNLRDSAEWALW
HLA-B18:01,HTRISTNESNLRDSAVLATW
HLA-B18:02,HTRISTNESNLNDSAVLATW
HLA-B18:03,HTRISTNESNLRDSAVLATW
HLA-B18:04,YTRISTNESNLRDSAVLATW
HLA-B18:05,HTRISTNESNLRDSAVLATW
HLA-B18:06,HTRISTNVSNLRDSAVLATW
HLA-B18:07,HTRIFTNESNLRDSAVLATW
HLA-B18:08,HTRISTNESNLRDSAVLATW
HLA-B18:09,HTRISTNENTLRDSAVLATW
HLA-B18:10,HTRISTNESNLRDSAVLAEW
HLA-B18:11,HTRISTNESNLRDSAVLATW
HLA-B18:12,HTRISTNESNLRDSAVLATW
HLA-B18:13,HTRISTNESNLRDSAVRATW
HLA-B18:14,HTRISTNESNLSDSAVLATW
HLA-B18:15,HTRISTNESNLRDSAELATW
HLA-B18:18,HTRISTNESNLRDSAVLATW
HLA-B18:19,HTRISTNESNLRDSAEWATW
HLA-B18:20,HTRISTNESNLRDSAVLATW
HLA-B18:21,HTRISTNESNLRDSAERAEW
HLA-B18:22,HTRISTNESNISDSAVLATW
HLA-B18:24,HTRISTNESNLRDSAVLATW
HLA-B18:25,YTRISTNESNLRDSAVLATW
HLA-B18:26,HTRISTNESNLRNYAVLATW
HLA-B18:27,HTRISTNESNLMDSAVLATW
HLA-B18:28,HTRISTNESNLRDSAVLATW
HLA-B18:29,HTRIFTNESNLRDSAVLATW
HLA-B18:30,HTRISTNESNLRDSAERATW
HLA-B18:31,HTRISTNESNLRDSAVLATW
HLA-B18:32,HTRISTNESNLRDSAVLATW
HLA-B18:33,HTRICTNESNLRDSAVLATW
HLA-B18:34,HTRISTNESNLRDSAVLATW
HLA-B18:35,HTRISTNESNLRDSAVLAEW
HLA-B18:36,HTRISTNESNLRDSAVLALW
HLA-B18:37,HERISTNESNLRDSAVLATW
HLA-B18:38,HTRISTNESNLRDSAVLATW
HLA-B18:39,HTRISTNESNLRDSAVLATW
HLA-B18:40,HTRISTNESNLRDSAVLATW
HLA-B18:41,HTRISTNESNLRESAVLATW
HLA-B18:42,HTRISTNESNLRDSAVLATW
HLA-B18:43,YTRISTNESNLRDSAVLATW
HLA-B18:44,HTRISTNESNLWDSAVLATW
HLA-B18:45,HTRISTNESNLRDSAVLATW
HLA-B18:46,HTRISTNESNLRDSAVLATW
HLA-B18:47,HTRISTNESNLRDSAVLATW
HLA-B18:48,HKRISTNESNLRDSAVLATW
HLA-B18:49,HTRISTNENNLRDSAVLATW
HLA-B18:50,HTRISTNESNLRDSAVLAEW
HLA-B27:01,HERICAKENTLNHDAVLAEW
HLA-B27:02,HERICAKENILNHDAVLAEW
HLA-B27:03,HERICAKEDTLNHDAVLAEW
HLA-B27:04,HERICAKESTLNHDAELAEW
HLA-B27:05,HERICAKEDTLNHDAVLAEW
HLA-B27:06,HERICAKESTLNDYAELAEW
HLA-B27:07,HERICAKEDTLSNYAVLAEW
HLA-B27:08,HERICAKESNLNHDAVLAEW
HLA-B27:09,HERICAKEDTLNHHAVLAEW
HLA-B27:10,HERICAKEDTLNHDAELAEW
HLA-B27:11,HERICAKESTLSNYAVLAEW
HLA-B27:12,HERICTNESNLNHDAVLAEW
HLA-B27:13,HERICAKEDTLNHDAVLAEW
HLA-B27:14,HERICAKEDTWTHDAVLAEW
HLA-B27:15,HERICAKESTLNHDAELATW
HLA-B27:16,HERICTNEDTLNHDAVLAEW
HLA-B27:17,HERICAKEDTLNHDAVLAEW
HLA-B27:18,HERISTNESNLNHDAELAEW
HLA-B27:19,HERICAKEDTIRHDAVLAEW
HLA-B27:20,HERICAKESTLNNYAELAEW
HLA-B27:21,HERICAKESTLRDYAELAEW
HLA-B27:23,HERIFTNESTLNHDAVLAEW
HLA-B27:24,HERICAKESTLSNYAELAEW
HLA-B27:25,HERICAKESTLNHDAEWALW
HLA-B27:26,HERICAQESNLNHDAVLAEW
HLA-B27:27,HERICAKEDTLNNYAVLAEW
HLA-B27:28,HERICAKEDTLNHDAVLATW
HLA-B27:29,HERISTNEDTLNHDAVLAEW
HLA-B27:30,HERICAKENIIRHDAVLAEW
HLA-B27:31,HERICAQESTLNHDAVLAEW
HLA-B27:32,HERICAKEDTLSHDAVLAEW
HLA-B27:33,HERICAKESNLSNYAVLAEW
HLA-B27:34,HERICAKEDTLSDYAVLAEW
HLA-B27:35,HERICAKEDTLNNFAVLAEW
HLA-B27:36,HERICAKESTLNHDAVLAEW
HLA-B27:37,YERICAKEDTLNHDAVLAEW
HLA-B27:38,HERICAKEDTLNHDAVLALW
HLA-B27:39,HERICAKEDTLNHDAVLAEW
HLA-B27:40,HERICAKESNLNHDAELAEW
HLA-B27:41,HERICAKEDTLNDSAVLAEW
HLA-B27:42,HERICAKEDNLNHDAVLAEW
HLA-B27:43,HERICAKEDTLSNYAVLAEW
HLA-B27:44,HERICAKESNLNHDAVLAEW
HLA-B27:45,HERICAKEDTLNHDAVRAEW
HLA-B27:46,HERICAKEDTLNHYAVLAEW
HLA-B27:47,HERICAKEDTLNHDAVDALS
HLA-B27:48,HERICAKEDTLNHDAVLAEW
HLA-B27:49,HERICAKEDTLNHDAVLAEW
HLA-B27:50,HERICAKEDTLNHDAVLAES
HLA-B27:51,HERICAKEDTLNHDAVLAEW
HLA-B27:52,HTRICAKEDTLNHDAVLAEW
HLA-B27:53,HERICAKEDILNHDAVLAEW
HLA-B27:54,HERICAKEDTLNHDAELAEW
HLA-B27:55,HERICAKEDTLNHDAVLAEW
HLA-B27:56,HERICAKEDTLNHDAVLAEW
HLA-B27:57,HERICAKENILNHDAVLAEW
HLA-B27:58,HERICAKEDTLNHDAVLAEW
HLA-B27:60,HERICAKEDTLNHDAVLAEW
HLA-B27:61,HERICAKESTLNHDAVLAEW
HLA-B27:62,HERICAKENILNHDAVLATW
HLA-B27:63,HERICAKESTLNHDAELALW
HLA-B27:67,HMRICAKEDTLNHDAVLAEW
HLA-B27:68,HERICAKESTLNHDAELAEW
HLA-B27:69,HERICAKESTLNHDAELAEW
HLA-B35:01,YTRIFTNESNIRDSAVLALW
HLA-B35:02,YTRIFTNESNIRNYAVLALW
HLA-B35:03,YTRIFTNESNIRDFAVLALW
HLA-B35:04,YTRIFTNESNIRNYAVLALW
HLA-B35:05,YTRIFTNESNLSDSAVLALW
HLA-B35:06,YTRIFTNESNIRNFAVLALW
HLA-B35:07,YTRIFTNESNIRDSAVLALW
HLA-B35:08,YTRIFTNESNIRDSAVRALW
HLA-B35:09,YTRIFTNESNIRNYAVLALW
HLA-B35:10,YTRIFTNESNIRDSAVLALW
HLA-B35:11,YTRIFTNESNIRDSAELALW
HLA-B35:12,YTRIFTNESNIRNYAVLALW
HLA-B35:13,YTRIFTNESNIRDFAVLALW
HLA-B35:14,YTRIFTNESNIRDSAEWALW
HLA-B35:15,YTRIFTNESNIRDSAVLAEW
HLA-B35:16,YTRIFTNESNISDSAVLALW
HLA-B35:17,YTRIFTNESNISDSAVLALW
HLA-B35:18,YTRIFTNESNIRNYAVRALW
HLA-B35:19,YKRIFTNESNIRDSAVLALW
HLA-B35:20,YTRISTNESNIRDSAVLALW
HLA-B35:21,YTRIFTNESNIRDSAELALW
HLA-B35:22,YTRIFTNESNLSNYAVLALW
HLA-B35:23,YTRIFTNESNIRDSAVLALW
HLA-B35:24,YTRIFTNESNIRDSAVLALW
HLA-B35:25,YERIFTNESNIRDSAVLALW
HLA-B35:26,YERICTNESNIRDSAVLALW
HLA-B35:27,YTRIFTNENNIRDSAVLALW
HLA-B35:28,YTRISTNESNIRDSAVLALW
HLA-B35:29,YTRIFTNESNIRDSAVLALW
HLA-B35:30,YTRIFTNESNISDSAVLALW
HLA-B35:31,YTRIFTNESNLSNYAVLAEW
HLA-B35:32,YTRIFTNESNLRDSAVLALW
HLA-B35:33,YTRIFTNESNIRDFAVLAEW
HLA-B35:34,YTRIFTNESNIRDYAVLALW
HLA-B35:35,YTRIFTNESNIRDSAVLTTW
HLA-B35:36,YTRIFTNESNIRDFAVLALW
HLA-B35:37,YTRIFTNESNWTDSAVLALW
HLA-B35:38,YTRIFTNESNIRDFAVDALW
HLA-B35:39,YTRIFTNESNIRDYAVLALW
HLA-B35:41,YTRIFTNESNIRDSAVLALW
HLA-B35:42,YTRIFTNESNIRDSAVLALW
HLA-B35:43,YTRIFTNESNLRDSAEWALW
HLA-B35:44,YTRIFTNESNLRNYAEWALW
HLA-B35:45,YTRIFTNESNIRDSAVRALS
HLA-B35:46,YMRIFTNESNIRDSAVLALW
HLA-B35:47,YKRIFTNESNIRDSAVLALW
HLA-B35:48,YTRIFTNESNIRDSAVLALW
HLA-B35:49,YERIFTNESNIRDSAVLALW
HLA-B35:50,HTRIFTNESNIRDSAVLALW
HLA-B35:51,YTRIFTNESNLSDSAVLALW
HLA-B35:52,YTRIFTNECNIRDSAVLALW
HLA-B35:54,YTRIFTNESNIRDSAVLALW
HLA-B35:55,YTRIFTNESNIRDFAVLALW
HLA-B35:56,YTRIFTNENNIRDFAVLALW
HLA-B35:57,YTRIFTNESNIRDSAVLALW
HLA-B35:58,YTRIFTNESNLSDSAELALW
HLA-B35:59,YTRIFTNESNIRNFAVLALW
HLA-B35:60,YTRIFTNESNWTNLAVLATW
HLA-B35:61,YTRIFTNESNIRDSAVRALW
HLA-B35:62,YTRIFTNESNIRDSAVWALW
HLA-B35:63,HKRISTNESNIRDSAVLALW
HLA-B35:64,YTRIFTNESNIRDSAVLALW
HLA-B35:66,YTRIFTNESNLSDSAVRAEW
HLA-B35:67,YTRIFTNESNLRDSAEWALW
HLA-B35:68,YTRIFTNESNLRDSAVLALW
HLA-B35:69,YTRIFTNESNIRDSAVLALW
HLA-B35:70,YTRIFTNESNIRDFAVLALW
HLA-B35:71,YTRIFTNESNIRDSAVLALS
HLA-B35:72,YTRISTNESNLSDSAVLALW
HLA-B35:74,YTRIFTNVSNIRDFAVLALW
HLA-B35:75,YTRIFTNESNLRDFAVLALW
HLA-B35:76,YTRIYAQESNIRDSAVLALW
HLA-B35:77,YTRIFTNESNIRDSAVLALW
HLA-B35:78,YTRIFANESNIRDSAVLALW
HLA-B35:79,YTRIFTNESNLRDSAEWALW
HLA-B35:80,YTRIFTNESNIRDSAVRALW
HLA-B35:81,YTRIFTNESNIRNYAVLALW
HLA-B35:82,YTRICTNESNIRDSAVLALW
HLA-B35:83,YTRIFTNESNIRNYAVLALW
HLA-B35:84,HTRIFTNESNIRDFAVLALW
HLA-B35:85,YTRICTNESNIRDFAVLALW
HLA-B35:86,YTRIFTNESNLRDSAEWAEW
HLA-B35:87,YTRIFTNESNLSNYAVDATW
HLA-B35:88,YTRIFTNESNIRNYAVLAEW
HLA-B35:89,YTRIFTNESNLSDSAVLALW
HLA-B35:90,YTRIFTNESNIRDSAVLALW
HLA-B35:91,YTRIFTNESNIRDSAVLALW
HLA-B35:92,YTRIFTNESNIRDSAVLALW
HLA-B35:93,YTRIFTNESNIRDSAVLATW
HLA-B35:94,YTRIFTNESNIRDSAVLALW
HLA-B35:95,YTRISTNESNIRNYAVLALW
HLA-B35:96,YTRIFTNESNIRDFAELATW
HLA-B35:97,YTRIFTNESNLSDSAVLALW
HLA-B35:98,YTRIFTNESNIRDFAVLALW
HLA-B35:99,YTRIFTNESNLRDSAERALW
HLA-B35:100,YTRIFTNESNIRDSAVRALW
HLA-B35:101,YTRIFTNESNIRDSAVLALW
HLA-B35:102,YTRIFTNESNLRDSAEWALW
HLA-B35:103,YTRIFTNESNIRDSAVLALW
HLA-B35:104,YTRIFTNESNIRDSAVLALW
HLA-B35:105,YTRIFTNESNIRDSAVRALW
HLA-B35:106,YTRIFTNESNIRDFAVLALW
HLA-B35:107,YTRIFTNESNIRDSAVLALW
HLA-B35:108,YTRIFTNESNIRDSAVLALW
HLA-B35:109,YTRIFTNESNIRDFAVLALW
HLA-B35:110,YTRIFTNESNIRDSAVLALW
HLA-B35:111,YTRIFTNESNIRDSAVLALW
HLA-B35:112,YTRIFTNESNIRDSAVLALW
HLA-B35:113,YTRIFTNESNISDSAVLALW
HLA-B35:114,YTRIFTNESNLSDSAVLALW
HLA-B35:115,YTRIFTNESNIRDSAVDALW
HLA-B35:116,YTRIFTNESNIRDSAVLALW
HLA-B35:117,YTRIFTNESNLSDSAEWALW
HLA-B35:118,YTRIFTNESNLRDSAEWALW
HLA-B35:119,YTRIFTNESNIRDSAVLALW
HLA-B35:120,YTRIFTNESNIRDSAVLALW
HLA-B35:121,YTRIFTNESNIRHSAVLALW
HLA-B35:122,YTRIFTNESNIRDSAVLALW
HLA-B35:123,YTRIFTNESNIRDSAVLALW
HLA-B35:124,YTRIFTNESNIRDSAVLALW
HLA-B35:125,YTRIFTNESNISDSAVLALW
HLA-B35:126,YTRIFTNESNIRDSAVLALW
HLA-B35:127,YTRIFTNESNIRDFAVLALW
HLA-B35:128,YTRIFTNESNIRDFAVLALW
HLA-B35:131,YTRIFTNESNIRDSAVLALW
HLA-B35:132,YTRIFTNESNIRDSAVLALW
HLA-B35:133,YTRIFTNESNIRVSAVLALW
HLA-B35:135,YTRICTNESNLRDSAEWALW
HLA-B35:136,YTRIFTNESNIRDFAVLALW
HLA-B35:137,YTRIFTNESNIRDSAVLALW
HLA-B35:138,YTRIFTNESNIRDSAVLALW
HLA-B35:139,YTRIFTNESNIRDSAVLALW
HLA-B35:140,YTRIFTNESNIRDSAVLALW
HLA-B35:141,YTRIFTNESNIRDSAVLALW
HLA-B35:142,YTRIFTNESNIRDSAVRALW
HLA-B35:143,YTRIFTNESNIRDSAVLALW
HLA-B35:144,YTRIFTNESNIRDSAVLALW
HLA-B37:01,HTRISTNEDTIRNFAVDATW
HLA-B37:02,HTRISTNEDTLNHDAVLAEW
HLA-B37:04,HTRISTNEDTIRNFAVDATW
HLA-B37:05,HTRISTNEDNIRNFAVDATW
HLA-B37:06,HKRISTNEDTIRNFAVDATW
HLA-B37:07,HTRISTNEDTLSDYAERAEW
HLA-B37:08,HTRISTNEDTIRNFAVDATW
HLA-B37:09,HTRISTNEDTLSDYAVDATW
HLA-B37:10,HTRISTNENTIRNFAVDATW
HLA-B37:11,HTRISTNESNIRNFAVDATW
HLA-B37:12,HTRISTNEDTIRNYAVDATW
HLA-B37:13,HTRISTNEDTIRNFAEDATW
HLA-B37:14,HTRISTNESNIRNFAVDATW
HLA-B37:15,HTRISTNEDTIRNFAVDATW
HLA-B37:17,HTRISTNEDTIRNFTVDATW
HLA-B37:18,HTRISTNEDTIRNFAVDATW
HLA-B37:19,HTRISTNEDTIRNFAVDATW
HLA-B37:20,HTRISTNEDTIRNFAVDATW
HLA-B37:21,HTRIFTNEDTIRNFAVDATW
HLA-B37:22,HTRISTNEDTIRNFAVDATW
HLA-B37:23,HTRISTNEDTIRNFAVDATW
HLA-B38:01,YERICTNENILRNFAVLTTW
HLA-B38:02,YERICTNENTLRNFAVLTTW
HLA-B38:03,YERISTNESTLRNFAVLTTW
HLA-B38:04,YERICTNENTLRNFAVLTTW
HLA-B38:05,YERICTNENILRNFAVLTTW
HLA-B38:06,YTRIFTNENILRNFAVLTTW
HLA-B38:07,YTRIFTNENILRNFAVLTTW
HLA-B38:08,YERICTNENTLRNFAVLTMW
HLA-B38:09,YERICTNENILRNFAVLTTW
HLA-B38:10,YERICTNENILRNFAELATW
HLA-B38:11,YERICTNENILRNFAVLTTW
HLA-B38:12,YERICTNENILRNFAVLTTW
HLA-B38:13,YERICTNENILRNFAVLTTW
HLA-B38:14,YERICTNENILRNFAVLTTW
HLA-B38:15,YERICTNENTLRNFAVLTTW
HLA-B38:16,YERICTNENILRNFAVLTTW
HLA-B38:17,YERICTNEDTLRNFAVLTTW
HLA-B38:18,YERICTNENTLRNFAVLTTW
HLA-B38:19,YERICTNENILSNFAVLTTW
HLA-B38:20,YERICTNENIIRNFAVLTTW
HLA-B38:21,YERICTNENILRNFAVLTTW
HLA-B38:22,YERICTNENILNNFAVLTKW
HLA-B38:23,YERICTNENTFRNFAVLTTW
HLA-B39:01,YERICTNESNLRNFAVLTTW
HLA-B39:02,YERISTNESNLRNFAVLTTW
HLA-B39:03,YERICTNESNLSNFAVLTTW
HLA-B39:04,YERICTNESNLRNFAVLTTW
HLA-B39:05,YERICTNESNLRNFAVLTTW
HLA-B39:06,YERICTNESNWTNFAVLTTW
HLA-B39:07,YERICTNESNLRDSAVLTTW
HLA-B39:08,YERISTNESNLRNFAVRTTW
HLA-B39:09,YERICTNESNLRNFAVLTTW
HLA-B39:10,YERIYTNESNLRNFAVLTTW
HLA-B39:11,YERICTNESNLRNFAVRTTW
HLA-B39:12,DERICTNESNLRNFAVLTTW
HLA-B39:13,YERISTNESNLRNFAVLTTW
HLA-B39:14,YERICTNESNLSNYAVLTTW
HLA-B39:15,YERICTNESNLRDFAVLTTW
HLA-B39:16,YERIYTNESNLRNFAVLTTW
HLA-B39:17,YERIYTNESNLRNLAVLTTW
HLA-B39:18,YERICTNESNLRNFAEWTTW
HLA-B39:19,YTRICTNESNLRNFAVLTTW
HLA-B39:20,YERIYTNENNLRNFAVLTTW
HLA-B39:22,YERICTNESNLRNFAVLTTW
HLA-B39:23,YERISTNESNLRNFAVLTTW
HLA-B39:24,YERICTNESNLSNFAVLTTW
HLA-B39:26,YERICTNESNLRNFAVLTTW
HLA-B39:27,YERICTNVSNLRNFAVLTTW
HLA-B39:28,YERICTNESNLTNFAVLTTW
HLA-B39:29,YERICTNESNLSDYAVLTTW
HLA-B39:30,YERICTNESNLRNFAVLATW
HLA-B39:31,HERICTNESNLRNFAVLTTW
HLA-B39:32,YERICTNESNLRNFAVLTLW
HLA-B39:33,YERICTNESNWTNFAVRALW
HLA-B39:34,YERICTNESNWTNFAVLATW
HLA-B39:35,YERICTNESNLRNFAELTTW
HLA-B39:36,YERICTNESNLRNFAEWATW
HLA-B39:37,YERICTNESNLSNFAVLTTW
HLA-B39:39,YERISTNESNLRNFAVLTTW
HLA-B39:41,YERICTNESNLRNFAVLTTW
HLA-B39:42,YERICTNESNIRNFAVLTTW
HLA-B39:43,YERICTNESNLRDSAVLATW
HLA-B39:44,YERICTNESNLRNFAVLTTW
HLA-B39:45,YERICTNESNLRNFAVLTTW
HLA-B39:46,YERICTNESNLRNFAVLTTW
HLA-B39:47,YERICTNESNLRNFAVLTEW
HLA-B39:48,YERICTNESNLRNFAVLTTW
HLA-B39:49,YERISTNESNLRDFAVLTTW
HLA-B39:50,YERICTNESNWTNFAVLTEW
HLA-B39:51,YERICTNESNLRNFAVLTTW
HLA-B39:52,YERICTDESNLRNFAVLTTW
HLA-B39:53,YERICTNESNLRNFAVLTTW
HLA-B39:54,YERICTNESNLRNFAVLTTW
HLA-B39:55,YERICTNESNLRDFAVLTTW
HLA-B39:56,YERICTNESNLRNFAVLTTW
HLA-B39:57,YERICTNESNWTNFAVLTTW
HLA-B39:58,YERIFTNESNLRNFAVLTTW
HLA-B39:59,YERICTNESNLRNFAVLTTW
HLA-B39:60,YERICTNESNLRNFAALTTW
HLA-B40:01,HKRISTNESNLRNYAVLAEW
HLA-B40:02,HKRISTNESNLSNYAVLAEW
HLA-B40:03,HKRISTNESNLSDSAVLAEW
HLA-B40:04,HKRISTNESNIRNYAVLAEW
HLA-B40:05,HKRISTNESNLSNYAELALW
HLA-B40:06,HKRISTNESNWTNYAVLAEW
HLA-B40:07,HKRIFTNESNLRNYAVLAEW
HLA-B40:08,HKRIFTNESNLSNYAVLAEW
HLA-B40:09,HKRISTNESNLSDYAVLAEW
HLA-B40:10,YKRISTNESNLRNYAVLAEW
HLA-B40:11,HKRISTNESNLRNYAVLAEW
HLA-B40:12,YERISTNESNLRNYAVLAEW
HLA-B40:13,HKRIFTNENILSNYAVLAEW
HLA-B40:14,HKRISTNESNLRNYAVLAEW
HLA-B40:15,HKRISTNESNLSNYAERAEW
HLA-B40:16,HKRISTNESNLSNYAERAEW
HLA-B40:18,HKRISTNESNLSDYAVLAEW
HLA-B40:19,HKRISTNENILSNYAVLAEW
HLA-B40:20,HKRISTNESNLRDSAVLAEW
HLA-B40:21,YMRISTNESNLRNYAVLAEW
HLA-B40:23,HKRISTNESNLRNYAERAEW
HLA-B40:24,HKRISTNESNLSDYAVLAEW
HLA-B40:25,HKRISTNESNLRNYAVLAEW
HLA-B40:26,HKRISTNESNLRNYAELALW
HLA-B40:27,HKRISTNESNLSNNAVLAEW
HLA-B40:28,HKRISTNESNIRNYAELALW
HLA-B40:29,HKPISTNESNLSNYAVLAEW
HLA-B40:30,HKRISTNESNIVNYAVLAEW
HLA-B40:31,HKRISTNESNLSDYAVLAEW
HLA-B40:32,HKRISTNESNLSDYAERAEW
HLA-B40:33,HKRISTNESNLRDYAVLAEW
HLA-B40:34,HKRISTNESNIVNYAVLAEW
HLA-B40:35,HKRISTNESNLSNYAVLAEW
HLA-B40:36,HKRISTNESNLRNFAVLAEW
HLA-B40:37,HKRISTNENNLSNYAVLAEW
HLA-B40:38,HKRISTNESNLRNSAVLAEW
HLA-B40:39,HKRISTNESNLSNYAVLATW
HLA-B40:40,YKRISTNESNLSNYAVLAEW
HLA-B40:42,HKRISTNESNLRDYAVLAEW
HLA-B40:43,HKRISTNESNLRNYAVLAEW
HLA-B40:44,HKRISTNESNWTDYAVLAEW
HLA-B40:45,HKRISTNESNLSNYAVLAEW
HLA-B40:46,HERISTNESNLRNYAVLAEW
HLA-B40:47,HKRISTNENTLRNYAVLAEW
HLA-B40:48,HKRISTNESNLRNLAVLAEW
HLA-B40:49,YKRISTNESNLRNYAVLAEW
HLA-B40:50,HKRISTNESNLSNYAVLAEW
HLA-B40:51,HKRISTNESNLRNYAELATW
HLA-B40:52,HKRISTNESNLRDSAVLAEW
HLA-B40:53,HKRISTNESNWTNYAVLAEW
HLA-B40:54,HKRISTNESNLRNYAVLAEW
HLA-B40:55,HKRISTNESNLRNYAVLAEW
HLA-B40:56,HKRISTNESNLSNYAVLAEW
HLA-B40:57,HKRISTNESNLSNYAVLAEW
HLA-B40:58,YKRISTNESNLSNYAVLAEW
HLA-B40:59,HKRISTNESNIRDSAVLAEW
HLA-B40:60,HKRISTNESNLRDSAVLAEW
HLA-B40:61,HKRIYTNESNLRNYAVLAEW
HLA-B40:62,HKRISTNESNLRNYAVLAEW
HLA-B40:63,HKRISTNESNLRNYAVLALW
HLA-B40:64,HKRISTNESNIRNYAVLAEW
HLA-B40:65,HKRISTNESNLRNYAVLAEW
HLA-B40:66,HKRISTNESNLRNYAVLAEW
HLA-B40:67,HKRISTNESNLRNYAVLAEW
HLA-B40:68,HKRIFTNESNIRNYAVLAEW
HLA-B40:69,HKRISTNESNLRNYAVLAEW
HLA-B40:70,HKRISTNESNWTNYAVLAEW
HLA-B40:71,HKRISTNESNLSNLAVLALW
HLA-B40:72,HKRISTNESNLRNYAVLAEW
HLA-B40:73,HKRISTNVSNLRNYAVLAEW
HLA-B40:74,HKRISTNESNLRNYAVLAEW
HLA-B40:75,HKRICTNESNWTNYAVLAEW
HLA-B40:76,HKRISTNESKLRNYAVLAEW
HLA-B40:77,HKRISTNESNLRNFAVLAEW
HLA-B40:78,HKRISTNESNLSNYAVLAEW
HLA-B40:79,HKRISTNESNLRNYAVLAEW
HLA-B40:80,HKRISTNESNLSNYAVLAEW
HLA-B40:81,HKRISTNESNLRNYAVLAEW
HLA-B40:82,HKRISTNESNLSNYAVLAEW
HLA-B40:83,HKRISTNESNWTNYAVLAEW
HLA-B40:84,HKRISTNESNLRNYAVLAEW
HLA-B40:85,HKRISTNESNLSNYAVLAEW
HLA-B40:86,HKRISTNESNWTNFAVLAEW
HLA-B40:87,HKRISTNESNLRNYAVLAEW
HLA-B40:88,HKRISTNESNLRNYAVLAEW
HLA-B40:89,HKRISTNESNLSNYAVLAEW
HLA-B40:90,HKRISTNESNLSNYAVLAEW
HLA-B40:91,HKRISTNESNLSNYAVLAEW
HLA-B40:92,HKRISTNESNLRNYAVLALW
HLA-B40:93,HERISTNESNWTNYAVLAEW
HLA-B40:94,HKRISTNESNLSNYAVLAEW
HLA-B40:95,HKRISTNESNWTNYAELAEW
HLA-B40:96,HKRISTNENTWTNYAVLAEW
HLA-B40:97,HKRISTNESNLSNYAVLAEW
HLA-B40:98,HKRISTNESNLSDYAERAEW
HLA-B40:99,HKRISTNESNIRNYAVLAEW
HLA-B40:100,HKRISTNESNLRNYAVLAEW
HLA-B40:101,HKRISTNESNLRNYAVLAEW
HLA-B40:102,HKRISTNESNLRNYAVLAEW
HLA-B40:103,HKRISTNESNWTNYAVLAEW
HLA-B40:104,HKRISTNESNLSNYAVLAEW
HLA-B40:105,HKRISTNESNLSNSAVLAEW
HLA-B40:106,HKRIFTNESNLRNYAVLAEW
HLA-B40:107,HKRISTNESNLSNYAVLAEW
HLA-B40:108,HKRISTNESNLRNYAVLAEW
HLA-B40:109,HKRISTNESIWTNYAVLAEW
HLA-B40:110,YKRISTNENTWTNYAVLAEW
HLA-B40:111,HKRISTNESNLSNYAVLAEW
HLA-B40:112,HKRISTNESNLRNYAVLAEW
HLA-B40:113,HKRISTNESNLRNYAVLAEW
HLA-B40:114,HKRISTNESNLRNYAVLAEW
HLA-B40:115,HKWISTNESNLSNYAVLAEW
HLA-B40:116,HKRISTNESNLRNYAVLAEW
HLA-B40:117,HKRISTNENILRNYAVLAEW
HLA-B40:119,HKRISTNDSNLSNYAVLAEW
HLA-B40:120,HKRISTNESNIRDYAVLAEW
HLA-B40:121,HKRISTNESNLRNYAVLAEW
HLA-B40:122,HKRISTNESNLSNYAVLAEW
HLA-B40:123,HKRISTNESNLRNYAVLAEW
HLA-B40:124,HKRISTNESNLRHDAVLAEW
HLA-B40:125,HKRISTNESNLRNYAVLAEW
HLA-B40:126,HKRISTNESNLRNYAVLAEW
HLA-B40:127,HKRISTNESNWTNYAVLAEW
HLA-B40:128,HKRISTNESNLRNYAVRAEW
HLA-B40:129,YKRISTNESNIRNYAVLAEW
HLA-B40:130,HKRISTNESNLRNYAVLAEW
HLA-B40:131,HKRISTNESNWTNYAVLAEW
HLA-B40:132,HKRISTNESNLRNYAVLAES
HLA-B40:134,HKRISTNESNLRNYAVLAEW
HLA-B40:135,HKRISTNESNLRNYAVLAEW
HLA-B40:136,HKRISTNESNLRNYAVDAEW
HLA-B40:137,YMRISTNESNIRNYAVLAEW
HLA-B40:138,HKRISTNESNLRNYAVLAEW
HLA-B40:139,HKRISTNESNLRNYAVLAEW
HLA-B40:140,HKRISTNESNLRNYAVLAEW
HLA-B40:141,HKRISTNESNLRNYAVLAEW
HLA-B40:143,HKRISTNESNLSNYAVLAEW
HLA-B40:145,HKRISTNESNLSNYAVLAEW
HLA-B40:146,HKRISTNESNLRNYAVLAEW
HLA-B40:147,HKRISTNESNLRNYAVLAEW
HLA-B41:01,HKRISTNESNWRNYAVDATW
HLA-B41:02,HKRISTNESNLSNYAVDATW
HLA-B41:03,HKRISTNESNLRNYAVDATW
HLA-B41:04,HKRISTNESNLSDYAVDATW
HLA-B41:05,HKRISTNESKWRNYAVDATW
HLA-B41:06,HKRISTNESNWRNYAVDATW
HLA-B41:07,HKRISTNESNWRNYAVDATW
HLA-B41:08,HKRISTNESNLRNYAVDATW
HLA-B41:09,HKRISTNESNWRNYAVDATW
HLA-B41:10,HKRISTNESNLSNYAVDATW
HLA-B41:11,HKRISTNESNLSNYAVDATW
HLA-B41:12,HKRISTNESNWRNYAVDATW
HLA-B42:01,YERIYAQESNLSNYAVDATW
HLA-B42:02,HERIYAQESNLSNYAVDATW
HLA-B42:04,YERIYAQESNWTNYAVDATW
HLA-B42:05,YERIYAQESNLSNYAVDATW
HLA-B42:06,YERIYAQESNLSNFAVDATW
HLA-B42:07,YERIYTNESNLSNYAVDATW
HLA-B42:08,YERIYAQESNLSNYAVDATW
HLA-B42:09,HERIYAQESNLSDSAVDATW
HLA-B42:10,YERIYAQESNLSNYAVDATW
HLA-B42:11,YERISTNESNLSNYAVDATW
HLA-B42:12,YERIYAQESNLSNYAVDATW
HLA-B42:13,YERIYAQESNIRNYAVDATW
HLA-B42:14,YERIYAQESNLSNYAVDATW
HLA-B44:02,YKRISTNENTIRDDAVDALS
HLA-B44:03,YKRISTNENTIRDDAVLALS
HLA-B44:04,YKRISTNENTIRDDAVRATS
HLA-B44:05,YKRISTNENTIRDYAVDALS
HLA-B44:06,YTRIFTNENIIRDDAVDALS
HLA-B44:07,YKRISTNENTIRDDAVLALS
HLA-B44:08,YMRISTNENTIRDDAVDALS
HLA-B44:09,YKRISTNESNIRDDAVDALS
HLA-B44:10,YKRISTNENTIRNLAVLALS
HLA-B44:11,YKRISTNENTIRDDAVDALS
HLA-B44:12,YKRISTNENTIRDDAVDALS
HLA-B44:13,YKRISTNENTIRDDAVLALS
HLA-B44:14,YKRISTNENTIRNDAVDALS
HLA-B44:15,HKRISTNESTWRNLAVDALS
HLA-B44:16,YKRISTNENTIRDDAVDAEW
HLA-B44:17,YKRISTNENTIRDSAVDALS
HLA-B44:18,HKRISTNENIWRNLAVDALS
HLA-B44:20,YKRISTNENTWTDDAVDALS
HLA-B44:21,YKRISTNENTIRDDAVDAES
HLA-B44:22,YKRISTNENTIRDDAVDALS
HLA-B44:24,YKRISTNENTIRDDAVDALS
HLA-B44:25,YKRISTNENIIRDYAVDALS
HLA-B44:26,YKRISTNENTIRDDAVLALS
HLA-B44:27,YKRISTNENTIRDDAVDALS
HLA-B44:28,YKRISTNENTIRDDAVRALS
HLA-B44:29,YKRISTNENTIRDDAVLTLS
HLA-B44:30,YKRISTNENTIRDDAVLALS
HLA-B44:31,YKRISTNENTLRNYAVLAES
HLA-B44:32,YKPISTNENTIRDDAVLALS
HLA-B44:33,YKRISTNENTIRDDAVDALS
HLA-B44:34,YKRISTNENTIRDDAVDALS
HLA-B44:35,YKRISTNENTIRDDAVEALS
HLA-B44:36,YKRISTNENTIRDDAVLALS
HLA-B44:37,YKRISTNENTIRDDAVLALW
HLA-B44:38,YKRISTNENTIRDDAVLALS
HLA-B44:39,YKRISTNENTIRDDAVLALS
HLA-B44:40,YERISTNENTIRDDAVLALS
HLA-B44:41,YKRISTNENTLRDDAVDALS
HLA-B44:42,YKRISTNENTIRDYAVDALW
HLA-B44:43,YKRISTNENTIRDSAVLALS
HLA-B44:44,YERISTNENTIRDDAVDALS
HLA-B44:45,YKRISTNENTIRDDAVLALS
HLA-B44:46,YKRISTNESNIRDDAVLALS
HLA-B44:47,YKRISTNENTWTDDAVLALS
HLA-B44:48,YKRISTNENTIRDDAVDALS
HLA-B44:49,DKRISTNENTIRDDAVDALS
HLA-B44:50,YKRISTNENIIRDDAVLALS
HLA-B44:51,YKRISTNENTIRDDAVDALS
HLA-B44:53,YKRISTNENTIRDDAVDALS
HLA-B44:54,YKRISTNENTLSDDAVLALS
HLA-B44:55,HKRISTNENTIRDDAVDALS
HLA-B44:57,YMRISTNENTIRDDAVLALS
HLA-B44:59,YKRISTNENTIRDDAVDALS
HLA-B44:60,YMRISTNENTIRDDAVLALS
HLA-B44:62,YKRISTNENTIRNYAVDALS
HLA-B44:63,YKRISTNENTIRDDAVDALS
HLA-B44:64,YKRISTNENTIRDDAVLAEW
HLA-B44:65,YKRISTNENTLRDDAVLALS
HLA-B44:66,YKRISTNENTIRDDAVDALS
HLA-B44:67,YKRISTNENTIRDDAVDALS
HLA-B44:68,YKRISTNENTIRDDAVDALS
HLA-B44:69,YKWISTNENTIRDDAVLALS
HLA-B44:70,YKRISTNENTIRDYAVDALS
HLA-B44:71,YKRISTNENTIRDDAVDALS
HLA-B44:72,YKRISTNENTIRDDAVDALS
HLA-B44:73,YKRISTNENTIRDDAVDGLS
HLA-B44:74,YKRISTNENTIRDDAVDALS
HLA-B44:75,YKRISTNENNIRDYAVDALS
HLA-B44:76,YKRISTNENTIRDDAERALS
HLA-B44:77,YKRISTNENTIRNYAVLALS
HLA-B44:78,YKRISTNENTIRDYAVDALS
HLA-B44:79,YKRISTNENTIRDDAELALS
HLA-B44:80,YKRISTNENTIRDDAVDALS
HLA-B44:81,YNRISTNENTIRDDAVLALS
HLA-B44:82,YKRISTNENTIRNYAVLALS
HLA-B44:83,YTRISTNENTIRDDAVDALS
HLA-B44:84,YKRISTNENTIRDDAVDALS
HLA-B44:85,YKRISTNENTIRDDAVLALS
HLA-B44:86,YKRISTNENTIRDDAVDALS
HLA-B44:87,YKRISTNENTIRDDAVDALS
HLA-B44:88,YKRISTNENTIRDDAVDALS
HLA-B44:89,YKRISTNENTIRDDAVDTLS
HLA-B44:90,YKRIYAQESNIRDDAVDALS
HLA-B44:91,YKRISTNENTIRDDAVDALW
HLA-B44:92,YKRISTNENTIRDDAMLALS
HLA-B44:93,YKRISTNENTIRDDAVDALS
HLA-B44:94,YKRISTNENTIRDDAVLALS
HLA-B44:95,YKRISTNENIIRDDAVDALS
HLA-B44:96,YKRISTNENTIGDDAVLALS
HLA-B44:97,YKRICAKENTIRDDAVDALS
HLA-B44:98,YKRISTNENTIRDDAVLALS
HLA-B44:99,YKRISTNENTIRDDAVDALS
HLA-B44:100,YKRISTNENTWRDDAVDALS
HLA-B44:101,YKRISTNENTIRDDAVDALS
HLA-B44:102,YKRISTNENTIRDDAVDALS
HLA-B44:103,HKRISTNENTIRDDAVLALS
HLA-B44:104,YKRISTNENTIRDDAVDALS
HLA-B44:105,YKRISTNENTIRDDAVLALS
HLA-B44:106,YKRISTNENTLSDDAVDALS
HLA-B44:107,YKRISTNENTIRDYAVLALS
HLA-B44:109,YKRISTNESTIRDDAVLALS
HLA-B44:110,YKRISTNENTISDDAVLALS
HLA-B45:01,HKRISTNESNWRNLAVDALS
HLA-B45:02,HKRISTNESNWRNFAVDALS
HLA-B45:03,HKRISTNESNWRNLAVDALS
HLA-B45:04,HKRISTNESNWRNLAVDALW
HLA-B45:05,HKRISTNESNWRNLAVDVLS
HLA-B45:06,HKRIYAQESNWRNLAVDALS
HLA-B45:07,HKRISTNESNWRNLAVDALS
HLA-B45:08,HKRISTNESNWRNLAVDATW
HLA-B45:09,HKRISTNESNWRDSAVDALS
HLA-B45:10,HKRISTNESNWRNLAVDAEW
HLA-B45:11,HKRISTNESNWRNLAVDALS
HLA-B45:12,HKRISTNESNWRNLAVDALS
HLA-B46:01,YMRKYRQVSNLRDSAEWALW
HLA-B46:02,YMRKYRQVSNLRDSAEWALW
HLA-B46:03,YMRKYRQVSNLRDSAERATW
HLA-B46:04,YMRKYRQVSNLRDSAEWALW
HLA-B46:05,YMRKYRQVSNLRDSAEWALW
HLA-B46:06,YMRKYRQVSNLRDSAVLAEW
HLA-B46:08,YMRKYRQVSNLRDSAELALW
HLA-B46:09,YMRKYRQVSNLRDSAVWALW
HLA-B46:10,YMRKYRQVSNLRDSAEWALW
HLA-B46:11,YMRKYRQVSNWTNLAVLALW
HLA-B46:12,YMRKYRQVSNLSDSAEWALW
HLA-B46:13,YMRKYRQVSNLRDSAVLALW
HLA-B46:14,HMRKYRQVSNLRDSAEWALW
HLA-B46:16,YMRKFRQVSNLRDSAEWALW
HLA-B46:17,YMRKYRQVSNLRDSAEWALS
HLA-B46:18,YMRKYRQVSNWTNLAVLATW
HLA-B46:19,YMRKYRQVSNLRDSAVLTLW
HLA-B46:20,YMRKYRQVSNLRDSAEWALW
HLA-B46:21,YMRKYRQVSNLRDSAVLATW
HLA-B46:22,YMRKYRRVSNLRDSAEWALW
HLA-B46:23,YMRKYRQVSNLRDSAEWALW
HLA-B46:24,YMRKYRQVSNLRDSAEWALW
HLA-B47:01,YKRISTNEDTLRHDAVLAEW
HLA-B47:02,YKRISTNESNLRHDAVLAEW
HLA-B47:03,YKRISTNESNLRHDAVLAEW
HLA-B47:04,YKRISTNENTLNHDAVLAEW
HLA-B47:05,YKRISTNEDTLNHDAVLAEW
HLA-B47:06,YKRISTNEDTLRHDAVLAEW
HLA-B47:07,YKRISTNEDTLRHDAVLAEW
HLA-B48:01,YERISTNESNLSNYAVLAEW
HLA-B48:02,YERISTNESNIRDSAVLALW
HLA-B48:03,YERISTNESNLRNYAVLAEW
HLA-B48:04,YERISTNESNLSNYAVLAEW
HLA-B48:05,YERISTNESNLSNYAERAEW
HLA-B48:06,YERIFTNESNLSNYAVLAEW
HLA-B48:07,YERISTNESNLSNFAVLAEW
HLA-B48:08,YERISTNESNLSDYAERAEW
HLA-B48:09,YERISTNESNLSNYAVLAEW
HLA-B48:10,YERISTNESNLSNYAVLAEW
HLA-B48:11,YERISTNESNLSNYAVLAEL
HLA-B48:12,YERISTNESNLSNYAVLAEW
HLA-B48:13,YERISTNESNLSNYAVLAEW
HLA-B48:14,YERISTNESNLSNSAVLAEW
HLA-B48:15,YERISTNESNLSNYAELAEW
HLA-B48:16,YERISTNESNLSNYAVLAEW
HLA-B48:17,YERISTNESNIRNFAVLAEW
HLA-B48:18,YERISTNESILSNYAVLAEW
HLA-B48:19,YERISTNESNLSNYAVWAEW
HLA-B48:20,YERISTNESNLSNYAVLAEW
HLA-B48:21,YERISTNESNLNNYAVLAEW
HLA-B48:22,HERISTNESNLSNYAVLAEW
HLA-B48:23,YERISTNESNLRDSAVLAEW
HLA-B49:01,HKRISTNENIWRNLAELALW
HLA-B49:02,HKRISTNENTWRNLAELALW
HLA-B49:03,HTRISTNENIWRNLAELALW
HLA-B49:04,HKRISTNENIWRDSAELALW
HLA-B49:05,HKRISTNENIWRDSAELALW
HLA-B49:06,HKRISTNENIWRNLAELALW
HLA-B49:07,HKRISTNENIWRNLAELAEW
HLA-B49:08,HKRISTNENIWRNLAELALW
HLA-B49:09,HKRISTNENIWRNLAELALW
HLA-B49:10,YKRISTNENIWRNLAELALW
HLA-B50:01,HKRISTNESNWRNLAELALW
HLA-B50:02,HKRISTNESNWRNLAELALS
HLA-B50:04,HKRISTNESNWRNLAELALW
HLA-B50:05,HKRISTNESNWRNLAELALW
HLA-B50:06,HRRISTNESNWRNLAELALW
HLA-B50:07,HKRISTNESNWRNLAELALW
HLA-B50:08,HKRISTNESNWRNLAELALW
HLA-B50:09,HKRISTNESNWRNFAELALW
HLA-B51:01,YTRIFTNENIWTNYAELALW
HLA-B51:02,YTRIFTNENIWTNYAELALW
HLA-B51:03,YTRIFTNENIWTNYAELALG
HLA-B51:04,YTRIFTNENIIRNYAELALW
HLA-B51:05,YTRIFTNENIWTNYAVRALW
HLA-B51:06,YTRIFTNENILRNYAELALW
HLA-B51:07,YTRISTNENIWTNYAELALW
HLA-B51:08,YTRIFTNENIWTNYAVDALW
HLA-B51:09,YTRIFTNENIWTNYAVLALW
HLA-B51:12,YTRIFTNENIWTNYAELALW
HLA-B51:13,YTRIFTNENIWTNFAELALW
HLA-B51:14,YTRIFTNENIWTKYAELALW
HLA-B51:15,YTRIFTNENIWTNLAVLALW
HLA-B51:16,YTRIFTNENIWTNYAELAEW
HLA-B51:17,YTRIFTNENIWTNYAELALW
HLA-B51:18,YTRIFTNENIWTNYAELALW
HLA-B51:19,YTRIFTNENIWTNYAVLTLW
HLA-B51:20,YTRIFTNENIWTNYAVDALW
HLA-B51:21,YTRIFTNENIWTNYAELATW
HLA-B51:22,YTRICTNENIWTNYAELALW
HLA-B51:23,YTRIFTNENIWTNYAELALS
HLA-B51:24,YTRIFTNENIWTNYAELALW
HLA-B51:26,YTRIFTNENIWTNYAELALW
HLA-B51:28,YTRIFTNENIWTNYAELALW
HLA-B51:29,YTRIFTNENIWTNYAERALW
HLA-B51:30,YTRIFTNENIWTNYAELALW
HLA-B51:31,YTRIFTNENIWTNYAVLAEW
HLA-B51:32,YTRIFTNENIWTNYAELALW
HLA-B51:33,YTRIFTNENIWTNYAELALW
HLA-B51:34,YTRIFTNENIWTNYAELAEW
HLA-B51:35,YTRIFTNENIWTNYAELALW
HLA-B51:36,YTRIFTNENIWTNYAEDATW
HLA-B51:37,YTRIFTNENIWTDSAELALW
HLA-B51:38,YTRIFTNENIWTNYAELALW
HLA-B51:39,YTRIFTNENIWTNYAELALW
HLA-B51:40,YTRIFTNENIWTNYAVLALW
HLA-B51:42,YTRIFTNENIIRDDAVLALS
HLA-B51:43,YTRIFTNENIWTNYAELALW
HLA-B51:45,YTRIFTNENILRDSAELALW
HLA-B51:46,YTRIFTNENIITNYAELALW
HLA-B51:48,YTRIFTNENIWTNYAELALW
HLA-B51:49,YTRIFTNENIWTNYAELALW
HLA-B51:50,YTRIFTNENGWTNYAELALW
HLA-B51:51,YTRIFTNENIWTNYAELALW
HLA-B51:52,YTRIFTNENIWTNYAELALW
HLA-B51:53,YTRIFTNENIWTNYAELALW
HLA-B51:54,YTRIFTNENTWTNYAVRALW
HLA-B51:55,YTRIFTNENIWTNYAEQALW
HLA-B51:56,YTRIFTNENIIRNYAELALW
HLA-B51:57,YTRIFTNENIWTNYAELALW
HLA-B51:58,YTRIFTNENIWTNYAELALW
HLA-B51:59,YTRIFTNENILRNYAELALW
HLA-B51:60,YTRIFTNENIWTNYAELALW
HLA-B51:61,YTRIFTNENIWTNYAEWALW
HLA-B51:62,YTRIFTNENILRNLAELALW
HLA-B51:63,YTRIFTNENIWTNSAELALW
HLA-B51:64,YTRIFTNENILSNYAELALW
HLA-B51:65,YTRIFTNENIWTNYAELALW
HLA-B51:66,YTRIFTNENIWTNYAELALW
HLA-B51:67,YTRIFTNENIWTNYAELALW
HLA-B51:68,DTRIFTNENIWTNYAELALW
HLA-B51:69,YTRIFTNENIWTNYAELALW
HLA-B51:70,YTRIFTNENIWTNYAELALW
HLA-B51:71,YTRIFTNENIWTNYAELALW
HLA-B51:72,YTRIFTNENIWTNYAELALW
HLA-B51:73,YTRIFTNENIWTNYAVLALW
HLA-B51:74,YTRIFTNENIWTNYAELALW
HLA-B51:75,YTRIFTNENIWTNYAELALW
HLA-B51:76,YTRIFTNENIWTNYAELALW
HLA-B51:77,YTRIFTNENIWTNYAELALW
HLA-B51:78,YTRIFTNENTWTNYAELALW
HLA-B51:79,YTRIFTNENIWTNYAELALW
HLA-B51:80,YTRIFTNENIWTNYAELALW
HLA-B51:81,YTRIFTNENILSNYAVLAEW
HLA-B51:82,YTRIFTNENIWTNYAERAEW
HLA-B51:83,YTRIFTNENIWTNYAELALW
HLA-B51:84,YTRIFTNENIWTNYAELALW
HLA-B51:85,YTRIFTNENIWTHDAELALW
HLA-B51:86,YTRIFTNENIWTNYAELALW
HLA-B51:87,YTRIFTNENIWTNYADLALW
HLA-B51:88,YTRIFTNENIWTNYAELALW
HLA-B51:89,YTRIFTNENIWTNYAELALW
HLA-B51:90,YTRIFTNENIWTDYAELALW
HLA-B51:91,YTRIFTNENIWTNYAELALW
HLA-B51:92,YTRIFTNENIWTDFAELALW
HLA-B51:93,YTRIFTNENIWTNYAVLAEW
HLA-B51:94,YTRIFTNENIWTNYAELALW
HLA-B51:95,YTRIFTNENIWTNYAELALW
HLA-B51:96,YTRIFTNENIWTNYAELALW
HLA-B52:01,YTRISTNENIWTNYAELALW
HLA-B52:02,YMRISTNENIWTNYAELALW
HLA-B52:03,YTRISTNENIWTNYAVLALW
HLA-B52:04,YTRISTNENIWTNYAELALW
HLA-B52:05,YTRISTNENIWTNYAELALW
HLA-B52:06,YTRIFTNENIWTNYAELALW
HLA-B52:07,YTRISTNENIWTNYAELALW
HLA-B52:08,YTRISTNENIWTNYAELAEW
HLA-B52:09,YTRISTNESIWTNYAELALW
HLA-B52:10,YTRISTNENIWTNYAVLALW
HLA-B52:11,YTRISTNENIWTNYAELALW
HLA-B52:12,YTRISTNENIWTDYAELALW
HLA-B52:13,YTRISTNENIWTNYAELALW
HLA-B52:14,YTRISTNENIWTNFAELALW
HLA-B52:15,YTRISTNENIWTNYAELALS
HLA-B52:16,YERISTNENIWTNYAELALW
HLA-B52:17,YTRISTNENIWTNYAELALW
HLA-B52:18,YTRISTNENIWTNYAELALW
HLA-B52:19,YTRISTNENIWTNYAVDALW
HLA-B52:20,YTRISTNENTWTNYAELALW
HLA-B52:21,YTRISTNENIWTNYAEWALW
HLA-B53:01,YTRIFTNENIIRDSAVLALW
HLA-B53:02,YTRIFTNENIIRDSAVLALW
HLA-B53:03,YTRIFTNEDTIRDSAVLALW
HLA-B53:04,YTRIFTNENIIRDFAVLALW
HLA-B53:05,YTRIFTNESIIRDSAVLALW
HLA-B53:06,YTRIFTNENIIRDSAELALW
HLA-B53:07,YTRIFTNENIIRNFAVLALW
HLA-B53:08,YTRIFTNENIIRDSAELALW
HLA-B53:09,YTRISTNENTIRDSAVLALW
HLA-B53:10,YTRIFTNENIIRDSAVLALW
HLA-B53:11,YTRIFTNENTIRDSAVRALW
HLA-B53:12,YTRIFTNESTIRDSAVLALW
HLA-B53:13,YTRIFTNENTIRDSAVLALW
HLA-B53:14,YTRIFTNENILSDSAVLALW
HLA-B53:15,YTRIFTNENIIRDSAVLALW
HLA-B53:16,YTRIFTNESIIRDSAVRALW
HLA-B53:17,YTRISTNENIIRDSAVLALW
HLA-B53:18,YTRIFTNENIIRDSAVLALW
HLA-B53:19,YTRIFTNENIIRNYAVLALW
HLA-B53:20,YTRIFTNENIIRDSAVLALW
HLA-B53:21,YTRIFTNENIIRDSAVLALW
HLA-B53:22,YTRIFTNENIIRDSAVDALS
HLA-B53:23,YTRIFTNENIIRDSAVLALW
HLA-B54:01,YGRIYAQESNWTNLAVLATW
HLA-B54:02,HGRIYAQESNWTNLAVLATW
HLA-B54:03,YGRIYAQESNWTNLAVLALW
HLA-B54:04,YGRIYAQESNWTNYAVLATW
HLA-B54:06,YGRIYAQESNLRDSAEWALW
HLA-B54:07,YGRIYAQESNWTNLAVLATW
HLA-B54:09,YGRIYAQESNLRDSAVLATW
HLA-B54:10,YGRIYAQESNWTNLAVRATW
HLA-B54:11,YGRIYAQESNWTNYAVLATW
HLA-B54:12,YGRIYAQENIWTNLAVLATW
HLA-B54:13,YGRIYAQESNWTNLAVLATW
HLA-B54:14,YGRIYAQESNWTDSAVLATW
HLA-B54:15,YGRIYAQESNWTDYAVLATW
HLA-B54:16,YGRIYAQESNWTDLAVLATW
HLA-B54:17,YGRIYAQESNWTNLAVLATW
HLA-B54:18,YGRIYAQESNWTNLAVLATW
HLA-B54:19,YGRIYAQESNWTNLAVLATW
HLA-B54:20,YGRIYAQESNWTNLAERATW
HLA-B54:21,YGRIYAQESNWTNLAVLATW
HLA-B54:22,YGRIYAQESNWTNLAVLATW
HLA-B54:23,YGRIYAQESNWTNLAVLATW
HLA-B55:01,YERIYAQESNWTNLAELATW
HLA-B55:02,YERIYAQESNWTNLAVLATW
HLA-B55:03,YERIYAQVSNWTNLAELATW
HLA-B55:04,YERIYAQESNLSNYAVLATW
HLA-B55:05,YERIYAQESNWTNLAELATW
HLA-B55:07,YGRIYAQESNWTNLAVLATW
HLA-B55:08,YERIYAQESNLRNYAVLALW
HLA-B55:09,YERIYAQESNWTNLAERAEW
HLA-B55:10,YERIYAQESNWTNLAVLATW
HLA-B55:11,YERIYAQESNWMNLAELATW
HLA-B55:12,YERIYAQENNWTNLAVLATW
HLA-B55:13,YERIYAQESNWTNFAVLATW
HLA-B55:14,YERIYAQESNIVDSAELATW
HLA-B55:15,YERIYAQESNWTNLAELATW
HLA-B55:16,HERIYAQESNWTNLAVLATW
HLA-B55:17,YERIYAQESNWTNYAELATW
HLA-B55:18,YERISTNESNWTNLAVLATW
HLA-B55:19,YERIYAQESNWTNLAVLATW
HLA-B55:20,YERIYAQESNWTNYAVDATW
HLA-B55:21,YERIYAQESNWTNLAEWATW
HLA-B55:22,YERIYAQESNWTNLAVLAEW
HLA-B55:23,YERIYAQESNWTDSAVLATW
HLA-B55:24,YERIYAQESNWTNLAELAEW
HLA-B55:25,YERIYAQESNWTNLAELATW
HLA-B55:26,YERIYAQESNWTNLAVLATW
HLA-B55:27,YERIYAQESNWTDYAVLATW
HLA-B55:28,YERIYAQESNWTNYAELATW
HLA-B55:29,YERIYAQESNWTNLAELATW
HLA-B55:30,YERIYAQESNWTNLAVLATW
HLA-B55:31,YERIYAQESNWTNLAELATW
HLA-B55:32,YERIYAQESNWTNSAVLATW
HLA-B55:33,YERIYAQESNWTNLAELATW
HLA-B55:34,YERISAQESNWTNLAVLATW
HLA-B55:35,YMRIYAQESNWTNLAVLATW
HLA-B55:36,YERIYAQESNWTNLAELATW
HLA-B55:37,YERIYAQESNWTNLAVRATW
HLA-B55:38,YERIYAQESNWTNLAELATW
HLA-B55:39,YERIYAQESNWTNLAVLATW
HLA-B55:40,YERIYAQESNWTNLAELATW
HLA-B55:41,YERIYAQESNWTNLAVLATW
HLA-B55:42,YERIYAQESNWTNLAVLATW
HLA-B55:43,YERIYAQESNWTNLAVLATW
HLA-B56:01,YERIYAQESNWTNLAVLALW
HLA-B56:02,YERIYAQESNLRNLAVLALW
HLA-B56:03,YERIYAQESNLRDSAEWALW
HLA-B56:04,YERIYAQESNLRNLAVLALW
HLA-B56:05,YERIYAQESNWTNYAELALW
HLA-B56:06,YTRIYAQESNWTNYAELALW
HLA-B56:07,YERIYAQENTWTNLAVLALW
HLA-B56:08,YERKYGQESNWTNLAVLALW
HLA-B56:09,YERIYAQESNIRDSAVLALW
HLA-B56:10,YERIYAQESNLRNLAVLATW
HLA-B56:11,YERIYAQESNIRDFAVLALW
HLA-B56:12,YERIYAQESNIRNYAVLATW
HLA-B56:13,YERIYAQESNWTNLAVDALW
HLA-B56:14,YERKYRQESNWTNLAVLALW
HLA-B56:15,YERIYAQESNWTNYAVLALW
HLA-B56:16,YERIYAQESNWTNLAVLALW
HLA-B56:17,YERIYANESNWTNLAVLALW
HLA-B56:18,YERIYAQESNLRDSAVLATW
HLA-B56:20,YERIYAQESNWTNLAVLALW
HLA-B56:21,YERIYAQENIWTNYAELALW
HLA-B56:22,YERIYAQESNWTNFAVLALW
HLA-B56:23,YERIYANESNWTNLAVLATW
HLA-B56:24,YERIYAQESNWTNLAVLALW
HLA-B56:25,YERIYAQESNWTNLAELALW
HLA-B56:26,YERIYAQESNWTNLAVLALW
HLA-B56:27,YERIYAQESNWTNLAVLALW
HLA-B56:29,YERIYAQESNWTNLAVLALW
HLA-B57:01,YMGNMASENIIVDSAVLALW
HLA-B57:02,YMGNMASENIIVNYAVRALW
HLA-B57:03,YMGNMASENIIVNYAVLALW
HLA-B57:04,YMGNMASENIIVDDAVRALW
HLA-B57:05,YMGNMASENIIRNYAVRALW
HLA-B57:06,YMGNMASENIIVDSAVLALW
HLA-B57:07,YMGNMASENIIVNYAVLALS
HLA-B57:08,YMGNMASENIIVDSAVLALW
HLA-B57:09,YMGNMASENIIVNYAEDALW
HLA-B57:10,YMGNMASENIIVDSAVLALW
HLA-B57:11,YMGNMASENILWDSAVLALW
HLA-B57:12,YMGNMASESNIVNYAVRALW
HLA-B57:13,YMGNMASENIIVDSAERAEW
HLA-B57:14,YMGNMASENIIVDSAVLALW
HLA-B57:15,YMGNVASENIIVDSAVLALW
HLA-B57:16,YMGNMASENIIVDSAVLALW
HLA-B57:17,YMGNMASENIIVNYAVLALW
HLA-B57:18,YMGNMASENIIVDSAVLALW
HLA-B57:19,YMGNMASENIIVDSAVRALW
HLA-B57:20,YMGNMASENIIVDSAVLALW
HLA-B57:21,YMGNMASENIIVDSAVLALW
HLA-B57:22,YMGNMASENIIVDSAELALW
HLA-B57:23,YMGNMASENIIVDSAVLALW
HLA-B57:24,YMGNMASENIIVDSAVDALW
HLA-B57:25,YMGNMASENIIVDSAVLAEW
HLA-B57:26,YMGNMASENIIVDSAVLATW
HLA-B57:27,YMGNMASENIIVDSAVLALW
HLA-B57:29,YMGNMASENIIVDSAVLALW
HLA-B57:30,YMGNMASENIIVDSAARALW
HLA-B57:31,YMGNMASENIIVDSAVLALW
HLA-B57:32,YMGNMASENIIVHDAVLALW
HLA-B58:01,YTGNMASENIIRDSAVLALW
HLA-B58:02,YTGNMASENILWDSAVLALW
HLA-B58:04,YTENMASENIIRDSAVLALW
HLA-B58:05,YTGNMASENIIRDSAALATW
HLA-B58:06,YTGNMASENILWDSAELALW
HLA-B58:07,YTGNMASENILWDSAVLALS
HLA-B58:08,YTGNMASENIWTNYAELALW
HLA-B58:09,YTGNMASENIIRDSAVLALW
HLA-B58:11,YTGNMASENIIRDSAVLALW
HLA-B58:12,YTGNMASENIIRDSAVLALW
HLA-B58:13,YTGNMASENIIRDSAVLALW
HLA-B58:14,YTGNMASENIIVDSAVLALW
HLA-B58:15,YTGNMASENIIRDSAVLALW
HLA-B58:16,YTGNMASENILRDSAVLALW
HLA-B58:18,YTGNMASENILSDSAVLALW
HLA-B58:19,YTGNMASENIIRDSAELALW
HLA-B58:20,YTGNMASENILRNFAVLTTW
HLA-B58:21,YTGNMASENIIRDSAVLALW
HLA-B58:22,YTGNMASENIIRDSAVRALW
HLA-B58:23,YTGNMASENIIRDSAVLALW
HLA-B58:24,YTGNMASENIIRDSAVLALW
HLA-B58:25,YTGNMASENILWDSAVLALW
HLA-B58:26,YTGNMASENILRDSAVLALW
HLA-B58:27,YTGNMASENILSNYAVLAEW
HLA-B58:28,YTGNMASENIIRNYAVLALW
HLA-B58:29,YTGNMASENIIRDSAVLALW
HLA-B58:30,YTGNMASENIIRDSAVLALW
HLA-B59:01,YERIFTNENIWTNLAVLATW
HLA-B59:02,YERIFTNENIWTNYAVLATW
HLA-B59:03,YERIFTNENIWTNFAVLATW
HLA-B59:04,YERIFTNENIWTNLAVLALW
HLA-B59:05,YERIFTNENIWTNLAVLATW
HLA-B67:01,YERIYAQESNLRNFAVLTTW
HLA-B67:02,YGRKYRQVSNLRNFAVLTTW
HLA-B73:01,HERICAKVGNWTNFAVLAEW
HLA-B73:02,HERICAKVGNWTNFAVLAEW
HLA-B78:01,YTRIFTNESNWTNYAELALW
HLA-B78:02,YTRIFTNESNWTNYAELALW
HLA-B78:03,YTRICTNESNWTNYAELALW
HLA-B78:04,YTRIFTNESNWTNYAVLALW
HLA-B78:05,YTRISTNESNWTNYAELALW
HLA-B78:06,YTRISTNENNWTNYAELALW
HLA-B78:07,YTRIFTNESNWTNYAELATW
HLA-B81:01,YERIYAQESNLSNYAVLAEW
HLA-B81:02,YERIYAQESNLSNYAVLAEW
HLA-B81:03,YERIYAQESNLSNYAVLAEW
HLA-B81:05,YERIFAQESNLSNYAVLAEW
HLA-B82:01,YERIYAQESNLRNLAVDALS
HLA-B82:02,YERIYAQESNLRNLAVDALS
HLA-B82:03,YERIYAQESNLRNLAVDALS
HLA-B83:01,YERIYAQESNIRDDAVDALS
HLA-C01:02,FGRKYRQVSNLWDYAERATW
HLA-C01:03,FGRKYRQVSNLWNFAERATW
HLA-C01:04,FGRKYRQVSNLWDSAEWATW
HLA-C01:05,FGRKYRQVSNLRDYAERATW
HLA-C01:06,FGRKYRQVSNLWDYAVRATW
HLA-C01:07,FGRKYRQVSNLWDYAERATW
HLA-C01:08,FGRKYRQVSNLWDYAERATW
HLA-C01:09,FGRKYRQVSNLWDYAEWATW
HLA-C01:10,FGRKYRQVSNLWDYAERAEW
HLA-C01:11,FGRKYRQVSNLWDYAERATW
HLA-C01:12,FGRKYRQVSNLWDYAERATW
HLA-C01:13,FGRKYRQVSNLWDYAERATW
HLA-C01:14,FGRKYRQVNKLWDYAERATW
HLA-C01:15,FGRKYRQVSNLWDYAERATW
HLA-C01:16,FGRKYRQVSNLWDYAERATW
HLA-C01:17,FGRKYRQVSNLWDYAERATW
HLA-C01:18,FGRKYHQVSNLWDYAERATW
HLA-C01:19,FGRKYRQVCNLWDYAERATW
HLA-C01:20,FGRKYRQVSNLWDYAERATW
HLA-C01:21,FGRKYRQVSNLRDSAEWATW
HLA-C01:22,FGRKYRQVSNLWDYAELATW
HLA-C01:23,FGRKYRQVSNLWDYAERATW
HLA-C01:24,FGRKYRQVSNLWNFAERATW
HLA-C01:25,FGRKYRQVSNLWDYAERATW
HLA-C01:26,FGRKYRQVSNLWDYAERATW
HLA-C01:27,FGRKYRQVSNLWDYAERATW
HLA-C01:28,FGRKYRQVSNLWDYAERATW
HLA-C01:29,FGRKYRQVSNLWDYAERATC
HLA-C01:30,FGRKYRQVSNLWDYAERATW
HLA-C01:31,FGRKYRQVSNLWDYAERAMW
HLA-C01:32,FGRKYRQVSNLWDYAERATW
HLA-C01:33,FGRKYRQVSNLWDYAERATW
HLA-C01:34,FGRKYRQVSNLWNFAERATW
HLA-C01:35,FGRKYRQVSNLWDYAELALW
HLA-C01:36,FGRKYRQVSNLRDYAERATW
HLA-C01:38,FGRKYRQVSNLWDYAERATW
HLA-C01:39,FGRKYRQVSNLWDYAERATW
HLA-C01:40,FGRKYRQVSNLWDYAERATW
HLA-C02:02,YGRKYRQVNKLRDSAEWAEW
HLA-C02:03,YGRKYRQVNKLRDSAVLAEW
HLA-C02:04,YGRKYRQVNKLRDSAEWAEW
HLA-C02:05,YGRKYRQVNKLWDSAEWAEW
HLA-C02:06,YGRKYRQVNKLRDLAEWAEW
HLA-C02:07,YGRKYRQVNKLRHDAEWAEW
HLA-C02:08,YGRKYRQVNKLRDSAEWAEW
HLA-C02:09,YGRKYRQVNKLRDSAEWAEW
HLA-C02:10,YGRKYRQVNKLRDSAEWAEW
HLA-C02:11,YGRKYRQVNKLRDSAEWAEW
HLA-C02:12,YGRKYRQVSKLRDSAEWAEW
HLA-C02:13,YGRKYRQVNKLRDSAAWAEW
HLA-C02:14,DGRKYRQVNKLRDSAEWAEW
HLA-C02:15,YGRKYRQVNKLRDSAEWAEW
HLA-C02:16,YGRKYRQVNKLRDSAELAEW
HLA-C02:17,YGRKYRQVNKLWDSAEWAEW
HLA-C02:18,YGRKYRQVNKLRDSAALAEW
HLA-C02:19,YGRKYRQVNKLRDYAEWAEW
HLA-C02:20,YGRKYRQVNKLRDSAEWAEW
HLA-C02:21,YGRKYRQVNKLRDSAEWAEW
HLA-C02:22,YGRKYRQVNKLRNFAEWAEW
HLA-C02:23,YGRKYRQVNKLRDYAEWAEW
HLA-C02:24,YGRKYRQVNKLRDSAEWAEW
HLA-C02:26,YGRKYRQVNKLRDSAEWAEW
HLA-C02:27,YGRKYRQVSNLRDSAEWAEW
HLA-C02:28,YGRKYRQVNKLRDSAVWAEW
HLA-C02:29,YGRKYRQVNKLRDSAEWAEW
HLA-C02:30,YGRKYRQVNKLRDSAEWAEW
HLA-C02:31,YGRKYRQVNKLRDSAEWAEW
HLA-C02:32,YGRKYRQVNKLRDSAERAEW
HLA-C02:33,YGRKYRQVNKLRDSAEWAEW
HLA-C02:34,YGRKYRQVNKLRDSAEWAEW
HLA-C02:35,YGRKYRQVNKLRDSAEWAEW
HLA-C02:36,YGRKYRQVNKLRDSAEWAEW
HLA-C02:37,YGRKYRQVNKLRDSAEWAEW
HLA-C02:39,YGRKYRQVNKLRDSAEWAEW
HLA-C02:40,YGRKYRQVNKLRDSAEWAEW
HLA-C03:01,YGRKYRQVSNLRDSAELALW
HLA-C03:02,YGRKYRQVSNLRDSAELALW
HLA-C03:03,YGRKYRQVSNIRDYAELALW
HLA-C03:04,YGRKYRQVSNIRDYAELALW
HLA-C03:05,YGRKYRQVSNLSDYAELALW
HLA-C03:06,YGRKYRQVSNIRVYAELALW
HLA-C03:07,YGRKYRQVNKIRDYAELALW
HLA-C03:08,YGRNYRQVSNIRDYAELALW
HLA-C03:09,YGRKYRQVSNIRDYAELALW
HLA-C03:10,YGRKYRQVSKIRDYAELALW
HLA-C03:11,YGRKYRQVSNIRDYAELALW
HLA-C03:12,YGRKYRQVSNIRDLAELALW
HLA-C03:13,YGRKYRQVSNLRDYAELALW
HLA-C03:14,YGRKYRQVSNIRDSAALATW
HLA-C03:15,YGRKYRQVNKLRDSAELALW
HLA-C03:16,YGRKYRQVSNLRDSAELATW
HLA-C03:17,YGRKYRQVSNLWDYAELALW
HLA-C03:18,YGRKYRQVSNIRDYAELALW
HLA-C03:19,YGRKYRQVSNIRDLAELALW
HLA-C03:21,YGRKYRQVSNIRDYAEWATW
HLA-C03:23,YGRKYRQVSNIRDYAELALW
HLA-C03:24,YGRKYRQVSNIRDYAELALW
HLA-C03:25,YGRKYRQVSNLSDYAELALW
HLA-C03:26,YGRKYRQVSNIRDFAELALW
HLA-C03:27,YGRKYRQVSNLSDYAELALW
HLA-C03:28,YGRKYRQVSNIRDYAERALW
HLA-C03:29,YGRNYRQVSKIRDYAELALW
HLA-C03:30,YGRKYRQVSNIRDYAELALW
HLA-C03:31,YGRNYRQVSNIRDYAELALW
HLA-C03:32,YGRKYRQVSNIRDYAELALW
HLA-C03:33,YGRKYRQVSNLRDSAELALW
HLA-C03:34,YGRKYRQVSNIRDYAELAEW
HLA-C03:35,YGRKYRQVSNLRDYAELALW
HLA-C03:36,YGRKYRQVSNLRDSAVLALW
HLA-C03:37,YGRKYRQVSNIRDYAELALW
HLA-C03:38,YGRKYRQVSNIRDYAELALW
HLA-C03:39,DGRKYRQVSNIRDYAELALW
HLA-C03:40,YGRKYRQVSNIRDSAELALW
HLA-C03:41,YGRKYRQVSNIRDYAELALW
HLA-C03:42,YGRKYRQVSNIRDSAELALW
HLA-C03:43,YGRKYRQVSNIRDSAELALW
HLA-C03:44,YGRKYRQVSNIRDYAELALW
HLA-C03:45,YGRKYRQVNKIRDYAELALW
HLA-C03:46,YGRKYRQVSNIRDYAELALW
HLA-C03:47,YGRKYRQVSNIRDYAELALW
HLA-C03:48,YGRKYRQVSNIRDYAELALW
HLA-C03:49,YGRKYRQVSNIRDYAERALW
HLA-C03:50,YGRKYRQVSNIRDYAELALW
HLA-C03:51,YGRKYRQVSNIRDYAELALW
HLA-C03:52,YGRKYRQVSNIRDYAELALW
HLA-C03:53,YGRKYRQVSNIRDYAELALW
HLA-C03:54,YGRKYRQVSNIRDYAELPLW
HLA-C03:55,YGRKYRQVSNIRDYAELATW
HLA-C03:56,YGRKYRQVSNIRDYAELALW
HLA-C03:57,YGRKYRQVSNIRDYAELALW
HLA-C03:58,YGRKYRQVSNLWNFAERATW
HLA-C03:59,YGRKYRQVSNIRDYAELALW
HLA-C03:60,YGRKYRQVSNLRDSAELALW
HLA-C03:61,YGRKYRQVSNIRDYAELALW
HLA-C03:62,YGRKYRQVSNIRDYAELALW
HLA-C03:63,YGRKYRQVSNIRDYAELALW
HLA-C03:64,YGRKYRQVSNIRDYAELALW
HLA-C03:65,YGRKYRQVSNIRDYAELALW
HLA-C03:66,YGRKYRQVSNIRDYAELALW
HLA-C03:67,DGRKYRQVSNIRDYAELALW
HLA-C03:68,YGRKYRQVSNIRDYAELALW
HLA-C03:69,YGRKYRQVSNIRDYAELALW
HLA-C03:70,YGRKYRQESNIRDYAELALW
HLA-C03:71,YGRKYRQVSNLWDSAELALW
HLA-C03:72,YGRKYRQVSNIRDYAELALW
HLA-C03:73,YGRKYRQVSNIRDYAELALW
HLA-C03:74,YGRKYRQVSNIRDYAELALW
HLA-C03:75,YGRKYRQVSNIRDYAELALW
HLA-C03:76,YGRKYRQVSNIRDYAELALW
HLA-C03:77,YGRKYRQVSNIRDYAVLALW
HLA-C03:78,YGRKYRQVSNIRDYAEMALW
HLA-C03:79,YGRKYRQVSNIRDYAELALW
HLA-C03:80,YGRKYRQVSNIRDYAEWATW
HLA-C03:81,YGRKYRQVSNIRDYAELALW
HLA-C03:82,YGRKYRQVSNIRDYAELALW
HLA-C03:83,YGRKYRQVSNIRDYAELALW
HLA-C03:84,YGRKYRQVSNLRDSAELALW
HLA-C03:85,YGRKYRQVSNIRDYAELALW
HLA-C03:86,YGRKYRQVSNLWDYAERATW
HLA-C03:87,YGRKYRQVSNIRDYAELALW
HLA-C03:88,YGRKYRQVSNIRDYAELALW
HLA-C03:89,YGRKYRQVSNLRDSAELALW
HLA-C03:90,YGRKYRQVSNIRDYAELALW
HLA-C03:91,YGRKYRQVSNIRDYAELALW
HLA-C03:92,YGRKYRQVSNIRDYAELATW
HLA-C03:93,YGRKYRQVSNIRDYAELALW
HLA-C03:94,YGRKYRQVSNLWDYAERATW
HLA-C04:01,SGRKYRQVNKLRNFAERATW
HLA-C04:03,YGRKYRQVNKLRNFAERATW
HLA-C04:04,SGRKYRQVNKLRNFAELATW
HLA-C04:05,SGRKYRQVNKLRNFAERATW
HLA-C04:06,YGRKYRQVNKLRNFAELATW
HLA-C04:07,SGRKYRQVNKLRNFAERATW
HLA-C04:08,SGRKYRQVNKLRNFAERALW
HLA-C04:10,SGRKYRQVNKLRNFAERATW
HLA-C04:11,SGRKYRQVSNLRNFAERATW
HLA-C04:12,SGRKYRQVNKLRNFAERATW
HLA-C04:13,SGRKYRQVNKLRNFAALATW
HLA-C04:14,SGRKYRQVNKLRNFAEQATW
HLA-C04:15,SGRKYRQVNKLRNFAERATW
HLA-C04:16,YGRKYRQVNKLRNFAERATW
HLA-C04:17,SGRKYRQVNKLRNFAERATW
HLA-C04:18,SGRKYRQVNKLRNFAERATW
HLA-C04:19,SGRKYRQVNKLRNFAERATW
HLA-C04:20,SGRKYRQVNKLRNFAERATW
HLA-C04:23,SGRKYRQVNKLRDFAERATW
HLA-C04:24,SGRKYRQVNKLRNFAERATW
HLA-C04:25,SGRKYRQVNKLRNFAERATW
HLA-C04:26,SGRKYRQVNKLRNFAERATW
HLA-C04:27,SGRKYRQVNKLRNFAERATW
HLA-C04:28,SGRKYRQVNKLRNFAERATW
HLA-C04:29,SGRKYRQVSNLRNFAERATW
HLA-C04:30,SGRKYRQVNKLRNFAERATW
HLA-C04:31,SGRKYRQVNKLRNFVERATW
HLA-C04:32,SGRKYRQVNKLRNFAERAEW
HLA-C04:33,SGRKYRQVNKLRNFAERATW
HLA-C04:34,SGRKYRQVNKLRNFAVLALW
HLA-C04:35,SGRKYRQVNKLRNFAERATW
HLA-C04:36,SGRKYRQVSNLRNFAERATW
HLA-C04:37,SGRKYRQVNKLWNFAERATW
HLA-C04:38,SGRKYRQVNKLRNFAERATW
HLA-C04:39,SGRKYRQVNKLRNFAERATW
HLA-C04:40,SGRKYRQVNKFRNFAERATW
HLA-C04:41,SGRKYRQVNKLRNFAERATW
HLA-C04:42,DGRKYRQVNKLRNFAERATW
HLA-C04:43,SGRKYRQVNKLRNFAERATW
HLA-C04:44,SGRKYRQVNKLRNFAERATW
HLA-C04:45,SGRKYRQVNKLRNFAERATW
HLA-C04:46,SGRKYRQVNKLRNFAERATW
HLA-C04:47,SGRKYRQVNKLRNFAERATW
HLA-C04:48,SGRKYRQVNKLRNFAERPTW
HLA-C04:49,SGWKYRQVNKLRNFAERATW
HLA-C04:50,SGRKYRQVNKLRNFAERATW
HLA-C04:51,SGRKYRQVNKLRNFAERATW
HLA-C04:52,SGRKYRQVNKLRNFAERATW
HLA-C04:53,SGRKYRQVNKLRNFAERATW
HLA-C04:54,SGRKYRQVNKLRDSAERATW
HLA-C04:55,SGRKYRQVSNLRNFAERATW
HLA-C04:56,SGRKYRQVNKLRNFAERATW
HLA-C04:57,SGRKYRQVNKLRNFAERATW
HLA-C04:58,SGRKYRQVNKLRNFAALATW
HLA-C04:60,SGRKYRQVNKLRNFAERATW
HLA-C04:61,SGRKYRQVNKLRNFAARATW
HLA-C04:62,SGRKYRQVNKLRNFAERATW
HLA-C04:63,SGRKYRQVNKLRNFAERATW
HLA-C04:64,SGRKYRQVNKLRNFAERATW
HLA-C04:65,SGRKYRQVNKLRNFAERATW
HLA-C04:66,SGRKYRQVNKLRNFAERATW
HLA-C04:67,SGRKYRQVNKLRNFAERATW
HLA-C04:68,SGRKYRQVNKLRNFAAQATW
HLA-C04:69,SGGKYRQVNKLRNFAERATW
HLA-C04:70,SGRKYRQVNKLRNFAERATW
HLA-C05:01,YGRKYRQVNKLRNFAERATW
HLA-C05:03,YGRKYRQVNKLRNFAERATW
HLA-C05:04,YGRKYRQVNKLRDSAERATW
HLA-C05:05,YGRKYRQVNKLRNFAERATW
HLA-C05:06,YGRKYRQVNKLRNFAERATW
HLA-C05:08,YGRKYRQVNKLRNFAEWATW
HLA-C05:09,YGRKYRQVNKLRNFAERATW
HLA-C05:10,YGRKYRQVNKIRNFAERATW
HLA-C05:11,YGRKYRQVNKLRNFAELATW
HLA-C05:12,YGRKYRQVNKLRNFAVRATW
HLA-C05:13,YGRKYRQVNKLRNFAERATW
HLA-C05:14,YGRKYRQVNKLRNFAERATW
HLA-C05:15,YGWKYRQVNKLRNFAERATW
HLA-C05:16,YGRKYRQVNKLWNFAERATW
HLA-C05:17,YGRKYRQVNKLRNFAALATW
HLA-C05:18,YGRKYRQVNKLRNFAERATW
HLA-C05:19,YGRKYRQVNKLRNFAERATW
HLA-C05:20,YGRKYRQVNNLRNFAERATW
HLA-C05:21,YGRKYRQVNKLRNFAERATW
HLA-C05:22,YGRKYRQVNKLRDFAERATW
HLA-C05:23,YGRKYRQVNKLRNFAERATW
HLA-C05:24,YGRKYRQVNKLRNFAERATW
HLA-C05:25,YGRKYRQVNKLRNFAERATW
HLA-C05:26,YGRKYRQVNKLRNFAERATW
HLA-C05:27,YGRKYRQVNKLRNFAELALW
HLA-C05:28,YGRKYRQVNKLRNFAERATW
HLA-C05:29,YGRKYRQVNKLRNFAERATW
HLA-C05:30,YGRKYRQVNKLRNFAERATW
HLA-C05:31,YGRKYRQVNKLRNFAERATW
HLA-C05:32,YGRKYRQVNRLRNFAERATW
HLA-C05:33,YGRKYRQVNKLRNFAERATW
HLA-C05:34,YGRKYRQVNKLRNFAERATW
HLA-C05:35,YGRKYRQVNKLRNFAERATW
HLA-C05:36,YGRNYRQVNKLRNFAERATW
HLA-C05:37,YGRKYRQVNKLRNFAERATW
HLA-C05:38,YGRKYRQVNKLRNFAERATW
HLA-C05:39,YGRKYRQVNKLRNFAERALW
HLA-C05:40,YGRKYRQVNKLRNFAERATW
HLA-C05:41,YGRKYRQVNKLRNFAERATW
HLA-C05:42,YGRKYRQVNKLRNFAERATW
HLA-C05:43,DGRKYRQVNKLRNFAERATW
HLA-C05:44,YGRKYRQVNKLRNFAERATW
HLA-C05:45,YGRKYRQVNKLRNFAERATW
HLA-C06:02,DGRKYRQVNKLWDSAEWATW
HLA-C06:03,YGRKYRQVNKLWDSAEWATW
HLA-C06:04,DGRKYRQVNKLWDSAELATW
HLA-C06:05,DGRKYRQVNKLWDSAERATW
HLA-C06:06,DGRKYRQVNKLWDSAERATW
HLA-C06:07,DGRKYRQVNKLWDSAEWATW
HLA-C06:08,DGRKYRQVNKLWDSAEWAEW
HLA-C06:09,DGRKYRQVNKLWNFAEWATW
HLA-C06:10,DGRKYRQVNKLWDSAEWATW
HLA-C06:11,DGRKYRQVSNLWDSAEWATW
HLA-C06:12,DGRKYRQVNKLWDSAEWATW
HLA-C06:13,DGRKYRQVNKLWDSAEWATW
HLA-C06:14,DGRKYRQVNKIWDSAEWATW
HLA-C06:15,DGRKYRQVNKLWDSAEWATW
HLA-C06:17,DGRKYRQVNKLWDSAEWATW
HLA-C06:18,DGRKYRQVNKLWDSAEWATW
HLA-C06:19,DGRKYRQVNKLWDSAEWATW
HLA-C06:20,DGRKYRQVNKLWDSAEWATW
HLA-C06:21,DGRKYRQVNKLWDSAEWATW
HLA-C06:22,DGRKYRQVNKLWDSAEWATW
HLA-C06:23,DGRKYRQVNKLWDSAEWATW
HLA-C06:24,DGRKYRQVNKLWDSAEWATW
HLA-C06:25,DGRKYRQVNKLWDSAEWATW
HLA-C06:26,DGRKYRQVNKLWDSAEWATW
HLA-C06:27,DGRKYRQVNKLWDSAEWATW
HLA-C06:28,DGRKYRQVNKLWDSAEWATW
HLA-C06:29,DGRKYRQVNKLWDSAEWATW
HLA-C06:30,DGRKYRQVNKLWDSAEWATW
HLA-C06:31,DGRKYRQVNKLWDSAAWATW
HLA-C06:32,DGRKYRQVNKLWDSAEWATW
HLA-C06:33,DGRKYRQVNKLWDSAEWATW
HLA-C06:34,DGRKYRQVNKLWDFAEWATW
HLA-C06:35,DGRKYRQVNKIRDSAEWATW
HLA-C06:36,DGRKYRQVNKLWDSAEWATW
HLA-C06:37,DGRKYRQVNKLWDSAEWATW
HLA-C06:38,DGRKYRQVNKLWDSAEWATW
HLA-C06:39,DGRKYRQVNKLWDSAEWATW
HLA-C06:40,DGRKYRQVNKLWDSAEWTTW
HLA-C06:41,DGRKYRQVNKLWDSAEWATW
HLA-C06:42,DGRKYRQVNKLWDSAEWATW
HLA-C06:43,DGRKYRQVNKLWDSAEWATW
HLA-C06:44,DGRNYRQVNKLWDSAEWATW
HLA-C06:45,DGRKYRQVNKLWDSAEWATW
HLA-C07:01,DGRNYRQVSNLRDSAALATW
HLA-C07:02,DGRKYRQVSNLRDSAALATW
HLA-C07:03,DGRKYRQVSNLRDSAALALW
HLA-C07:04,DGRKYRQVSNFRDFAADATW
HLA-C07:05,DGRKYRQVSNLNDSAALATW
HLA-C07:06,DGRNYRQVSNLRDSAALATW
HLA-C07:07,DGRNYRQVNKLRDSAALATW
HLA-C07:08,DGRKYRQVSNLRDSAALATW
HLA-C07:09,DGRNYRQVNKLRDSAALATW
HLA-C07:10,DGRKYRQVSNIRDSAALATW
HLA-C07:11,DGRKYRQVSNFRDFAADATW
HLA-C07:12,DGRKYRQVSNFRDFAADATW
HLA-C07:13,DGRKYRQVSNLRDFAALATW
HLA-C07:14,DGRKYRQVSNLRDSAALATW
HLA-C07:15,DGRKYRQVSNLRDSAALAEW
HLA-C07:16,DGRNYRQVSNLRDSAALATW
HLA-C07:17,DGRKYRQVSNLRDSAALATW
HLA-C07:18,DGRNYRQVSNLRDSAALATW
HLA-C07:19,DGRNYRQVSNLRDSAALATW
HLA-C07:20,DGRNYRQVSNLRDSAALATW
HLA-C07:21,DGRNYRQVSNLRDSAALATW
HLA-C07:22,DGRNYRQVSNLRDSAAWATW
HLA-C07:23,DGRKYRQVSNLRDSAALATW
HLA-C07:24,DGRNYRQVSNLRDSAALATW
HLA-C07:25,DGRKYRQVSNLRDSAALATW
HLA-C07:26,YGRNYRQVSNLRDSAALATW
HLA-C07:27,DGRKYRQVSNLRDSAALATW
HLA-C07:28,DGRNYRQVSNLRNFAALATW
HLA-C07:29,DGRKYRQVSNLRDYAALATW
HLA-C07:30,DGRNYRQVSNLRDSAGLATW
HLA-C07:31,DGRKYRQVSNLWDSAALATW
HLA-C07:35,DGRNYRQVSNLRDSAALATW
HLA-C07:36,DGRNYRQVSNLRDSAALATW
HLA-C07:37,DGRKYRQVSNLRDSAARATW
HLA-C07:38,DGRKYRQVSNLRDSAALATW
HLA-C07:39,DGRKYRQVSNLRDSAALATW
HLA-C07:40,DGRNYRQVSNLRDSAALATW
HLA-C07:41,DGRKYRQVSNLRNFAERATW
HLA-C07:42,DGRKYRQVSNLRDSAALATW
HLA-C07:43,DGRKYRQVSNIRDSAALATW
HLA-C07:44,DGRNYRQVSNLRDSAALATW
HLA-C07:45,DGRKYRQVSNFRDFAADATW
HLA-C07:46,DERKYRQVSNLRDSAALATW
HLA-C07:47,DGRKYRQVSNLRDSAALATW
HLA-C07:48,DGRKYRQVSNLRDSAALATW
HLA-C07:49,DGRKYRQVNNLRDSAALATW
HLA-C07:50,DGRKYRQVSNLRDSAALATW
HLA-C07:51,DGRKYRQVSNLRDSAALATW
HLA-C07:52,DGRNYRQVSNLRDSAALATW
HLA-C07:53,DGRNYRQVSNLRDSAAQATW
HLA-C07:54,DGRKYRQVSNLRDSAALATW
HLA-C07:56,DGRKYRQVSNLRDSAALATW
HLA-C07:57,DGRNYRQVSNLRDSAALATW
HLA-C07:58,DGRNYRQVSNLRDSAALATW
HLA-C07:59,DGRNYRQVSNLRDSAALATW
HLA-C07:60,DGRNYRQVSNLRDSAALATW
HLA-C07:62,DGRKYRQVSNLRDSAALATW
HLA-C07:63,DGRKYRQVSNFRDFAADATW
HLA-C07:64,SGRKYRQVSNLRDSAALATW
HLA-C07:65,DGRNYRQVSNLRDSAALATW
HLA-C07:66,DGRKYRQVSNLRDSAALATW
HLA-C07:67,DGRKYRQVSNLRDSAALATW
HLA-C07:68,DGRKYRQVSNLRDSAADATW
HLA-C07:69,DGRNYRQVSNLRDSAALATW
HLA-C07:70,DGRNYRQVSNLRDSAALATW
HLA-C07:71,DGRNYRQVSNLRDSAALATW
HLA-C07:72,DGRKYRQVSNLRDSAALATW
HLA-C07:73,DGRNYRQVSNLRDSAALATW
HLA-C07:74,DGRKYRQVSNLRDSAALATW
HLA-C07:75,DGRKYRQVSNLRDSAALATW
HLA-C07:76,DGRKYRQVNKLRDSAALATW
HLA-C07:77,DGRNYRQVSNLRDSAALATW
HLA-C07:78,DGRNYRQVSNLRDSAALATW
HLA-C07:79,DGRKYRQVSNLRDSAALATW
HLA-C07:80,DGRKYRQVSNLRDSAALATW
HLA-C07:81,DGRNYRQVSNLRDSAALATW
HLA-C07:82,DGRNYRQVSNLRDSAALATW
HLA-C07:83,DGRNYRQVSNLRDSAALATW
HLA-C07:84,DGRKYRQVSNLRDSAALATW
HLA-C07:85,DGRNYRQVSNLRDSAALATW
HLA-C07:86,DGRNYRQVSNLRDSAALATW
HLA-C07:87,DGRKYRQVSNLRDSAALATW
HLA-C07:88,DGRKYRQVSNLRDSAALATW
HLA-C07:89,DGRNYRQVSNLRDSAALATW
HLA-C07:90,DGRKYRQVSNLRDSAALATW
HLA-C07:91,DGRNYRQVSNLRDSTALATW
HLA-C07:92,YGRNYRQVSNLRDSAALATW
HLA-C07:93,DGRNYRQVSNLRDSAALATW
HLA-C07:94,DGRNYRQVSNLRDSAALATW
HLA-C07:95,DGRNYRQVSNLRDSAVLATW
HLA-C07:96,YGRNYRQVSNLRDSAALATW
HLA-C07:97,DGRKYRQVSNLRDSAALATW
HLA-C07:99,DGRKYRQVSNLRDSAALATW
HLA-C07:100,DGRKYRQVSNLRDSAALATW
HLA-C07:101,DGRKYRQVSNFRDFAADATW
HLA-C07:102,DGRKYRQVSNLRDSAALATW
HLA-C07:103,DGRNYRQVSNLRDSAALATW
HLA-C07:105,DGRKYRQVSNLRDSAALATW
HLA-C07:106,DGRNYRQVSNLRDSAALATW
HLA-C07:107,DGRKYRQVSNLRDSAALATW
HLA-C07:108,DGRNYRQVSNLRDSAALATW
HLA-C07:109,DGRNYRQVSNLRDSAALATW
HLA-C07:110,DGRNYRQVSNLRDSAALATW
HLA-C07:111,DGRNYRQVSNLRDSAALATW
HLA-C07:112,DGRNYRQVSNLRDSAALATW
HLA-C07:113,DGRNYRQVSNLRDSAALATW
HLA-C07:114,DGRKYRQVSNLRDSAALATW
HLA-C07:115,DGRNYRQVSDLRDSAALATW
HLA-C07:116,DGRNYRQVSNLRDSAALATW
HLA-C07:117,DGRKYRQVSNLRDSAALATW
HLA-C07:118,DGRNYRQVSNLRDSAALATW
HLA-C07:119,DGRNYRQVSNLRDSAALATW
HLA-C07:120,DGRNYRQVSNLRDSAALAPW
HLA-C07:122,DGRNYRQVSNLRDSAALATW
HLA-C07:123,DGRKYRQVSNLRDSAALATW
HLA-C07:124,DGRNYRQESNLRDSAALATW
HLA-C07:125,DGRKYRQVSNLRDSAALATW
HLA-C07:126,DGRKYRQVSNLRDSAALATW
HLA-C07:127,DGRKYRQVSNLRDSAALATW
HLA-C07:128,DGRNYRQVSNLRDSAALATW
HLA-C07:129,DGRNYRQVSNLRDSAALATW
HLA-C07:130,DGRKYRQVSNLRDSAALATW
HLA-C07:131,DGRNYRQVSNLRDSAALATW
HLA-C07:132,DGRNYRQVSNLRDSAALATW
HLA-C07:133,DGRKYRQVSNLRDSAALATW
HLA-C07:134,DGRNYRQVSNLRDSAALATW
HLA-C07:135,DGRKYRQVSNLRDSAALATW
HLA-C07:136,DGRKYRQVSNLRDSAALATW
HLA-C07:137,DGRKYRQVSNLRDSAALTTW
HLA-C07:138,DGRKYRQVSNLRDSAAWATW
HLA-C07:139,DGRKYRQVSNFRDFAADATW
HLA-C07:140,DGRNYRQVSNLRDSAVDATW
HLA-C07:141,DGRNYRQVSNLRDSAALATW
HLA-C07:142,DGRKYRQVSNFRDFAADATW
HLA-C07:143,DGRKYRQVSNLRDSAALATW
HLA-C07:144,DGRKYRQVSNLRDSAALATW
HLA-C07:145,DGRKYRQVSNLRDSAALATW
HLA-C07:146,DGRKYRQVSNLRDSAALATW
HLA-C07:147,DGRKYRQVSNLRDSAALATW
HLA-C07:148,DGRNYRQVSNLRDSAALATW
HLA-C07:149,DGRKYRQVSNLRDSAALATW
HLA-C08:01,YGRKYRQVSNLRNFATLATW
HLA-C08:02,YGRKYRQVSNLRNFAERATW
HLA-C08:03,YGRKYRQVSNLRNFATLATW
HLA-C08:04,YGRKYRQVSNLRNFAELATW
HLA-C08:05,YGRKYRQVSNLRNFAERATW
HLA-C08:06,YGRKYRQVSNLRNFATLAAW
HLA-C08:07,YGRKYRQVSNLRNFAERATW
HLA-C08:08,YGRKYRQVSNLSNFATLATW
HLA-C08:09,YGRKYRQVSNLRDSATLATW
HLA-C08:10,YGRKYRQVNKLRNFATLATW
HLA-C08:11,YGRKYRQVSNLRDSATLATW
HLA-C08:12,YGRKYRQVSNLWNFAERATW
HLA-C08:13,YGRKYRQVSNLRNFAELATW
HLA-C08:14,YGRKYRQVSNLRNFATLATW
HLA-C08:15,YGRKYRQVSNLRNFAERATW
HLA-C08:16,YGRKYRQVSNLRNFATLATW
HLA-C08:17,YGRKYCQVSNLRNFAERATW
HLA-C08:18,YGRKYRQVSNLRNFAERATW
HLA-C08:19,YGRKYRQVSNLRNFAERATW
HLA-C08:20,YGRKYRQVSNLRNFATLATW
HLA-C08:21,YGRKYRQVSNLRNFATLATW
HLA-C08:22,YGRKYRQVSNLRNFATLATW
HLA-C08:23,YGRKYRQVSNLRNFAERATW
HLA-C08:24,YGRKYRQVSNLRNFATLATW
HLA-C08:25,YGRKYRQVSNLRNFAERATW
HLA-C08:27,YGRKYRQVSNLRNFAEWATW
HLA-C08:28,YGRKYRQVSNLRNFAERATW
HLA-C08:29,YGRKYRQVSNLRNFAEWATW
HLA-C08:30,YGRKYRQVSNLRNFPERATW
HLA-C08:31,YGRKYRQVSNLRNFAEWAEW
HLA-C08:32,YGRKYRQVSNLRNFAERATW
HLA-C08:33,YGRKYRQVSNLRNFAERATW
HLA-C08:34,YGRKYRQVSNLRNFAERATW
HLA-C08:35,YGRKYRQVSNLRNFAERATW
HLA-C12:02,YGRKYRQVSNLRDSAEWATW
HLA-C12:03,YGRKYRQVSNLWDSAEWATW
HLA-C12:04,YGRKYRQVNKLWDSAEWATW
HLA-C12:05,YGRKYRQVNKLWDSAEWATW
HLA-C12:06,YGRKYRQVSNLWDSAEWATW
HLA-C12:07,YGRKYRQVGNLWDSAEWATW
HLA-C12:08,YGRNYRQVSNLRDSAEWATW
HLA-C12:09,YGRKYRQVNKLWDSAERATW
HLA-C12:10,YGRKYRQVSNLRDSAEWATW
HLA-C12:11,YGRKYRQVSNLWDSAEWATW
HLA-C12:12,YGRKYRQESNLWDSAEWATW
HLA-C12:13,YGRKYRQVSNLWDSAEWATW
HLA-C12:14,YGRKYRQVSNLRDSAALATW
HLA-C12:15,YGRKYRQVSNLWDLAEWATW
HLA-C12:16,DGRKYRQVSNLRDSAEWATW
HLA-C12:17,YGRKYRQVSNLRDSAEWATW
HLA-C12:18,YGRKYRQVSNLRDSAELATW
HLA-C12:19,YGRKYRQVSNLWDSAECATW
HLA-C12:20,YGRKYRQVSNLWDSAELATW
HLA-C12:21,YGRKYRQVNKLRDSAEWATW
HLA-C12:22,YGRKYRQVSNLRDSAEWATW
HLA-C12:23,YGRKYRQVSNLWDSAEWATW
HLA-C12:24,YGRKYRQVSNLWDSAERATW
HLA-C12:25,YGPKYRQVSNLWDSAEWATW
HLA-C12:26,YGRKYRQVSNLWDSAEWATW
HLA-C12:27,YGRKYRQVSNLRDSAEWATW
HLA-C12:28,YGRKYRQVSNLWDSAEWATW
HLA-C12:29,YGRKYRQVSNLWDSAEWATW
HLA-C12:30,YGRKYRQVSNLRDSAEWATW
HLA-C12:31,YGRKYRQVSNLWNFAEWATW
HLA-C12:32,YGRKYRQVSNLWDSAEWATW
HLA-C12:33,YGRKYRQVNKLWDSAEWATW
HLA-C12:34,YGRKYRQVSNLWDSAEWATW
HLA-C12:35,YGRKYRQVSNLWDSAEWATW
HLA-C12:36,YGRKYRQVSNLRDSAEWATW
HLA-C12:37,YGRKYRQVSNLWDSAEWATW
HLA-C12:38,YGRKYRQVSNLWDSAEWATW
HLA-C12:40,YGRKYRQVSNLRDSAEWATW
HLA-C12:41,YGRKYRQVNKLRDSAEWATW
HLA-C12:43,YGRKYRQVSNLWDSAEWATW
HLA-C12:44,YGRKYRQVSNIRDSAEWATW
HLA-C14:02,SGRKYRQVSNLWDSAERATW
HLA-C14:03,SGRKYRQVSNLWDSAERATW
HLA-C14:04,SGRKYRQVNNLWDSAERATW
HLA-C14:05,SGRKYRQVSNLWDSAERATW
HLA-C14:06,SGRKYRQVSNLWDSAELATW
HLA-C14:08,SGRKYRQVSNPWDSAERATW
HLA-C14:09,SGRKYRQVSNLRDSAERATW
HLA-C14:10,SGRKYRQVSNLWDSAERATW
HLA-C14:11,SGRKYRQVSNLWDSAERATW
HLA-C14:12,SGRKYRQVNKLWDSAERATW
HLA-C14:13,SGRKYRQVSNLWDSAERATW
HLA-C14:14,SGRKYRQVSNLWDSAERATW
HLA-C14:15,SGRKYRQVSNLWDSAALATW
HLA-C14:16,SGRKYRQVSNLWDSAEWATW
HLA-C14:17,SGRKYRQVSNLWDSAARATW
HLA-C14:18,SGRKYRQVSNLWDSAERATW
HLA-C14:19,SGRKYRQVSNLWDSAERATW
HLA-C14:20,SGRKYRQVSNLWDSAERALW
HLA-C15:02,YGRNYRQVNKIRDLAELATW
HLA-C15:03,YGRNYRQVNKIRDLAELATW
HLA-C15:04,YGRNYRQVNKIRDSAELATW
HLA-C15:05,YGRNYRQVNKIRDFAELATW
HLA-C15:06,YGRNYRQVNKIRDYAELATW
HLA-C15:07,YGRNYRQVSNIRDLAELATW
HLA-C15:08,YGRNYRQVNKIRDLAERATW
HLA-C15:09,YGRNYRQVNKIRDSAELATW
HLA-C15:10,YGRNYRQVNKIRDLAELATW
HLA-C15:11,YGRKYRQVNKIRDLAELATW
HLA-C15:12,YGRNYRQVNKIRDLAELATW
HLA-C15:13,YGRNYRQVNKIRDLAELATW
HLA-C15:15,YGRNYRQVNKIRDLAELALW
HLA-C15:16,YGRKYRQVNKIRDLAELATW
HLA-C15:17,YGRKYRQVNKIRDLAELATW
HLA-C15:18,YGRNYRQVNKIRDLAELATW
HLA-C15:19,YGRNYRQVNKIRDSAELATW
HLA-C15:20,YGRKYRQVNKIRDSAELATW
HLA-C15:21,YGRNYRQVSKIRDLAELATW
HLA-C15:22,YGRNYRQVNKLRDFAELATW
HLA-C15:23,DGRNYRQVNKIRDFAELATW
HLA-C15:24,YGRNYRQVNKIRNYAELATW
HLA-C15:25,YGRKYRQVSNIRNFAEDATS
HLA-C15:26,YGRNYRQVNKIRDLAELATW
HLA-C15:27,YGRKYRQVNKIRDSAELATW
HLA-C15:28,YGRNYRQVNKIRDLAELATW
HLA-C15:29,YGRNYRQVNKIRDFAELATW
HLA-C15:30,YGRNYRQVNKIRDSAELATW
HLA-C15:31,YGRNYRQVNKIRDLAALATW
HLA-C15:33,YGRNYRQVNKIRDLAELATW
HLA-C15:34,YGRNYRQVNKIRDLAELATW
HLA-C15:35,YGRNYRQVNKIRDLAELATW
HLA-C16:01,YGRKYRQVSNLWDSAAQATW
HLA-C16:02,YGRKYRQVNKLWDSAAQATW
HLA-C16:04,YGRKYRQVSNLWDSAAWATW
HLA-C16:06,YGRKYRQVSNLRDSAAQATW
HLA-C16:07,YGRKYRQVSNLRDSAAQATW
HLA-C16:08,YGRKYRQVSNLWDSAAQATW
HLA-C16:09,YGRKYRQVNKLWDSAAQATW
HLA-C16:10,YGRKYRQVSNLWDDAAQATW
HLA-C16:11,YGRKYRQVSNLWDSAAQATW
HLA-C16:12,YGGKYRQVNKLWDSAAQATW
HLA-C16:13,YGRKYRQVSNLWDSAAQATW
HLA-C16:14,YGRKYRQVSNLWDSAAQATW
HLA-C16:15,YGRKYRQVSNLWDSAAQATW
HLA-C16:17,YGRKYRQVSNLWDSAAQATW
HLA-C16:18,YGRKYRQVSNLWDSAAQATW
HLA-C16:19,YGRKYRQVNKLWDSAAQATW
HLA-C16:20,YGRKYRQVSNLWDSAAQATW
HLA-C16:21,DGRKYRQVSNLWDSAAQATW
HLA-C16:22,YGRKYRQVSNLWDSAAQATW
HLA-C16:23,YGRKYRQVSNLWDSAAQATW
HLA-C16:24,YGRKYRQVSNLWDSAAQATW
HLA-C16:25,YGRKYRQVNKLWDSAAQATW
HLA-C16:26,YGRKYRQVSNLWDSAAQATW
HLA-C17:01,YGRKYRQVNKIRNFAELAEW
HLA-C17:02,YGRKYRQVNKIRNFAELAEW
HLA-C17:03,YGRKYRQVNKIRNFAELAEW
HLA-C17:04,YGRKYRQVNKIRNFAELAEW
HLA-C17:05,YGRKYRQVNKIRNFAELAEW
HLA-C17:06,YGRKYRQVNKIRNFAELAEW
HLA-C17:07,YGRKYRQVNKIRNFAELALW
HLA-C18:01,DGRKYRQVNKLRNFAERATW
HLA-C18:02,DGRKYRQVNKLRNFAERATW
HLA-C18:03,DGRKYRQVNKLRNFAEWAEW
HLA-G01:01,SMENTAHMNTLWEYAVRATW
HLA-G01:02,SMENTAHMNTLWEYAVRATW
HLA-G01:03,SMENTAHMNTLWEYAVRATW
HLA-G01:04,SMENTAHMNTLWEYAVRATW
HLA-G01:06,SMENTAHMNTLWEYAVRATW
HLA-G01:07,SMENTAHMNTLWEYAVRATW
HLA-G01:08,SMENTAHMNTLWEYAVRATW
HLA-G01:09,SMENTAHMNTLWEYAVRATW
HLA-E01:01,HMRSADTVNTLWEFAEQATW
